Time (sec),Cell0 (V),Cell1 (V),Cell2 (V)
16.12802791595459,,4.0800,4.0845
34.14403295516968,4.0830,4.0815,4.0860
52.16188311576843,4.0845,4.0830,4.0860
70.17979001998901,4.0845,4.0830,4.0860
88.19589304924011,4.0845,4.0830,4.0860
106.2091760635376,4.0845,4.0800,4.0815
124.21984791755676,4.0605,4.0770,4.0815
142.23720693588257,4.0590,4.0755,4.0785
160.25477504730225,4.0575,4.0755,4.0785
178.26879596710205,4.0560,4.0740,4.0770
196.28395199775696,4.0545,4.0725,4.0770
214.3001799583435,4.0545,4.0725,4.0740
232.31792211532593,4.0530,4.0710,4.0740
250.33291912078857,4.0515,4.0695,4.0740
268.3424959182739,4.0515,4.0695,4.0740
286.3607909679413,4.0500,4.0680,4.0725
304.37691593170166,4.0485,4.0695,4.0710
322.39203095436096,4.0470,4.0665,4.0695
340.40582299232483,4.0470,4.0680,4.0710
358.4209370613098,4.0440,4.0680,4.0710
376.43599009513855,4.0440,4.0665,4.0680
394.4509539604187,4.0425,4.0650,4.0680
412.46495389938354,4.0410,4.0650,4.0680
430.4800069332123,4.0410,4.0635,4.0680
448.49482798576355,4.0395,4.0635,4.0680
466.50986194610596,4.0380,4.0635,4.0665
484.5249629020691,4.0365,4.0620,4.0665
502.53897309303284,4.0365,4.0620,4.0665
520.5521709918976,4.0350,4.0605,4.0665
538.5688281059265,4.0335,4.0590,4.0665
556.5838589668274,4.0320,4.0605,4.0650
574.5961580276489,4.0305,4.0590,4.0650
592.6129469871521,4.0305,4.0575,4.0650
610.6280629634857,4.0290,4.0575,4.0650
628.6429789066315,4.0275,4.0560,4.0635
646.6570110321045,4.0275,4.0545,4.0635
664.6720950603485,4.0260,4.0545,4.0635
682.6870141029358,4.0245,4.0530,4.0635
700.7020139694214,4.0245,4.0530,4.0620
718.7160170078278,4.0215,4.0515,4.0635
736.7308549880981,4.0215,4.0500,4.0605
754.7460339069366,4.0200,4.0500,4.0620
772.7560169696808,4.0185,4.0485,4.0605
790.77476811409,4.0185,4.0470,4.0605
808.7853770256042,4.0185,4.0470,4.0605
826.8049960136414,4.0170,4.0455,4.0605
844.8199610710144,4.0155,4.0455,4.0590
862.8341319561005,4.0155,4.0425,4.0605
880.8478190898895,4.0140,4.0425,4.0590
898.8638648986816,4.0125,4.0410,4.0590
916.8734610080719,4.0125,4.0395,4.0575
934.8890631198883,4.0110,4.0395,4.0575
952.9040710926056,4.0110,4.0380,4.0575
970.9190609455109,4.0095,4.0380,4.0575
988.9293460845947,4.0080,4.0365,4.0560
1006.9480810165405,4.0080,4.0350,4.0560
1024.9630889892578,4.0065,4.0350,4.0545
1042.978185892105,4.0065,4.0335,4.0560
1060.9930930137634,4.0050,4.0320,4.0545
1079.006994009018,4.0035,4.0305,4.0545
1097.0179600715637,4.0035,4.0305,4.0530
1115.0369350910187,4.0035,4.0290,4.0530
1133.0481560230255,4.0020,4.0275,4.0515
1151.0661098957062,4.0005,4.0275,4.0515
1169.080018043518,4.0005,4.0260,4.0515
1187.09210896492,4.0005,4.0245,4.0515
1205.1037929058075,3.9990,4.0245,4.0515
1223.1207060813904,3.9990,4.0230,4.0500
1241.1319870948792,3.9990,4.0215,4.0485
1259.1509881019592,3.9975,4.0215,4.0485
1277.1651771068573,3.9975,4.0200,4.0485
1295.180146932602,3.9960,4.0185,4.0470
1313.1951370239258,3.9945,4.0185,4.0470
1331.2101519107819,3.9960,4.0170,4.0455
1349.224221944809,3.9945,4.0170,4.0440
1367.2391300201416,3.9945,4.0155,4.0425
1385.253046989441,3.9945,4.0140,4.0425
1403.2641570568085,3.9930,4.0140,4.0425
1421.2791550159454,3.9915,4.0125,4.0410
1439.2941660881042,3.9915,4.0125,4.0395
1457.3092460632324,3.9915,4.0125,4.0395
1475.3231189250946,3.9900,4.0095,4.0380
1493.3381769657135,3.9900,4.0110,4.0380
1511.3532450199127,3.9900,4.0095,4.0365
1529.3681840896606,3.9885,4.0080,4.0350
1547.3822529315948,3.9885,4.0080,4.0335
1565.3972709178925,3.9885,4.0080,4.0335
1583.410551071167,3.9885,4.0065,4.0335
1601.4230780601501,3.9870,4.0065,4.0320
1619.4373540878296,3.9870,4.0035,4.0305
1637.4521911144257,3.9855,4.0035,4.0290
1655.4672091007233,3.9855,4.0035,4.0290
1673.4788620471954,3.9855,4.0035,4.0290
1691.4960861206055,3.9840,4.0020,4.0260
1709.5104320049286,3.9840,4.0005,4.0245
1727.5262179374695,3.9840,4.0005,4.0230
1745.5401589870453,3.9825,4.0005,4.0230
1763.551223039627,3.9840,3.9990,4.0230
1781.564157962799,3.9825,3.9990,4.0215
1799.581307888031,3.9825,3.9975,4.0200
1817.5951159000397,3.9810,3.9975,4.0185
1835.6101870536804,3.9810,3.9975,4.0170
1853.6250948905945,3.9795,3.9975,4.0155
1871.640125989914,3.9795,3.9960,4.0155
1889.654347896576,3.9795,3.9960,4.0155
1907.6681621074677,3.9795,3.9945,4.0140
1925.6831331253052,3.9795,3.9945,4.0125
1943.6942698955536,3.9780,3.9930,4.0125
1961.7091600894928,3.9780,3.9930,4.0110
1979.7242360115051,3.9765,3.9930,4.0095
1997.7392559051514,3.9765,3.9915,4.0095
2015.753345966339,3.9780,3.9915,4.0080
2033.7681410312653,3.9765,3.9915,4.0080
2051.7831881046295,3.9765,3.9900,4.0065
2069.7982869148254,3.9750,3.9900,4.0050
2087.811217069626,3.9750,3.9900,4.0050
2105.823122024536,3.9750,3.9885,4.0035
2123.838133096695,3.9750,3.9885,4.0035
2141.8475880622864,3.9750,3.9885,4.0020
2159.8671340942383,3.9750,3.9885,4.0020
2177.881483078003,3.9735,3.9870,4.0005
2195.897381067276,3.9735,3.9870,4.0005
2213.9113008975983,3.9720,3.9855,3.9990
2231.9263179302216,3.9720,3.9870,3.9990
2249.9414570331573,3.9720,3.9855,3.9975
2267.95521402359,3.9720,3.9855,3.9960
2285.9662759304047,3.9720,3.9855,3.9960
2303.9805018901825,3.9720,3.9840,3.9945
2321.996335029602,3.9705,3.9840,3.9945
2340.009689092636,3.9705,3.9825,3.9930
2358.025267124176,3.9705,3.9825,3.9930
2376.0402851104736,3.9705,3.9825,3.9930
2394.0553629398346,3.9705,3.9825,3.9915
2412.0694069862366,3.9690,3.9810,3.9900
2430.083317041397,3.9690,3.9810,3.9900
2448.095360994339,3.9690,3.9795,3.9900
2466.1103599071503,3.9690,3.9810,3.9900
2484.1243069171906,3.9690,3.9795,3.9885
2502.1393749713898,3.9675,3.9795,3.9870
2520.1543910503387,3.9675,3.9795,3.9885
2538.1694190502167,3.9675,3.9795,3.9870
2556.1833980083466,3.9675,3.9795,3.9855
2574.1982641220093,3.9675,3.9780,3.9840
2592.213376045227,3.9675,3.9780,3.9855
2610.227269887924,3.9660,3.9765,3.9840
2628.2369940280914,3.9660,3.9765,3.9825
2646.2534420490265,3.9660,3.9780,3.9825
2664.2684071063995,3.9660,3.9750,3.9825
2682.2823400497437,3.9645,3.9765,3.9810
2700.2974309921265,3.9645,3.9765,3.9810
2718.312392950058,3.9645,3.9750,3.9810
2736.3274281024933,3.9645,3.9750,3.9795
2754.341551065445,3.9645,3.9750,3.9795
2772.355288028717,3.9630,3.9735,3.9795
2790.367301940918,3.9630,3.9735,3.9795
2808.3814780712128,3.9630,3.9735,3.9765
2826.39652299881,3.9630,3.9735,3.9765
2844.4114389419556,3.9630,3.9720,3.9765
2862.426435947418,3.9630,3.9735,3.9765
2880.4360671043396,3.9615,3.9720,3.9765
2898.455442905426,3.9615,3.9720,3.9750
2916.470449924469,3.9615,3.9720,3.9735
2934.4843571186066,3.9615,3.9705,3.9750
2952.4954810142517,3.9615,3.9705,3.9735
2970.5103590488434,3.9615,3.9705,3.9735
2988.5254321098328,3.9600,3.9705,3.9735
3006.5394740104675,3.9600,3.9705,3.9720
3024.5544810295105,3.9600,3.9690,3.9705
3042.568074941635,3.9600,3.9690,3.9705
3060.5843789577484,3.9600,3.9690,3.9705
3078.598468065262,3.9585,3.9690,3.9705
3096.6123719215393,3.9585,3.9690,3.9690
3114.6242508888245,3.9585,3.9690,3.9690
3132.638350009918,3.9585,3.9675,3.9690
3150.6535229682922,3.9570,3.9675,3.9690
3168.66814994812,3.9570,3.9660,3.9690
3186.6835079193115,3.9570,3.9675,3.9675
3204.6975090503693,3.9570,3.9660,3.9675
3222.712517976761,3.9555,3.9675,3.9675
3240.7274560928345,3.9570,3.9660,3.9660
3258.7415590286255,3.9555,3.9660,3.9675
3276.752522945404,3.9555,3.9660,3.9675
3294.7674100399017,3.9555,3.9645,3.9660
3312.782335996628,3.9555,3.9645,3.9660
3330.797409057617,3.9540,3.9660,3.9645
3348.810310125351,3.9540,3.9645,3.9660
3366.8264439105988,3.9540,3.9630,3.9645
3384.841458082199,3.9540,3.9630,3.9630
3402.8555479049683,3.9525,3.9630,3.9645
3420.8693799972534,3.9525,3.9630,3.9630
3438.8815410137177,3.9525,3.9630,3.9630
3456.896560907364,3.9510,3.9615,3.9630
3474.910656929016,3.9510,3.9615,3.9630
3492.925632953644,3.9510,3.9615,3.9615
3510.9405751228333,3.9510,3.9630,3.9615
3528.95557308197,3.9510,3.9615,3.9615
3546.9695971012115,3.9510,3.9615,3.9600
3564.984580039978,3.9495,3.9615,3.9600
3582.9985659122467,3.9480,3.9600,3.9600
3601.009836912155,3.9495,3.9600,3.9600
3619.0245990753174,3.9495,3.9600,3.9600
3637.0396659374237,3.9480,3.9600,3.9585
3655.0545949935913,3.9480,3.9600,3.9600
3673.068610906601,3.9480,3.9585,3.9585
3691.0836050510406,3.9465,3.9585,3.9570
3709.0984740257263,3.9480,3.9585,3.9570
3727.1136190891266,3.9450,3.9585,3.9570
3745.1264419555664,3.9465,3.9570,3.9585
3763.1386139392853,3.9450,3.9570,3.9570
3781.153615951538,3.9450,3.9570,3.9570
3799.167501926422,3.9450,3.9570,3.9570
3817.1825211048126,3.9450,3.9555,3.9555
3835.197638988495,3.9435,3.9555,3.9555
3853.212488889694,3.9435,3.9555,3.9540
3871.226639032364,3.9435,3.9555,3.9555
3889.2405428886414,3.9420,3.9540,3.9540
3907.252716064453,3.9435,3.9555,3.9555
3925.2665469646454,3.9420,3.9540,3.9540
3943.281646966934,3.9420,3.9540,3.9540
3961.2966680526733,3.9405,3.9525,3.9540
3979.3116569519043,3.9405,3.9540,3.9540
3997.325670003891,3.9405,3.9525,3.9525
4015.340684890747,3.9405,3.9510,3.9525
4033.3506660461426,3.9390,3.9525,3.9525
4051.3656821250916,3.9390,3.9525,3.9510
4069.380691051483,3.9390,3.9495,3.9510
4087.39568901062,3.9375,3.9495,3.9510
4105.410691976547,3.9375,3.9510,3.9495
4123.424763917923,3.9375,3.9495,3.9510
4141.439770936966,3.9375,3.9495,3.9510
4159.454700946808,3.9360,3.9480,3.9495
4177.466243028641,3.9360,3.9495,3.9495
4195.479710102081,3.9360,3.9480,3.9495
4213.491523981094,3.9345,3.9465,3.9495
4231.509717941284,3.9345,3.9465,3.9480
4249.523797035217,3.9330,3.9465,3.9495
4267.538713932037,3.9330,3.9465,3.9480
4285.55371594429,3.9345,3.9465,3.9480
4303.5687251091,3.9315,3.9450,3.9465
4321.580147981644,3.9315,3.9450,3.9465
4339.59373998642,3.9315,3.9450,3.9465
4357.608673095703,3.9315,3.9435,3.9465
4375.621912956238,3.9300,3.9435,3.9465
4393.637818098068,3.9300,3.9435,3.9450
4411.652586936951,3.9285,3.9420,3.9450
4429.667766094208,3.9285,3.9420,3.9450
4447.681831121445,3.9285,3.9420,3.9435
4465.692724943161,3.9285,3.9420,3.9435
4483.707757949829,3.9285,3.9420,3.9435
4501.722773075104,3.9285,3.9405,3.9420
4519.736958026886,3.9270,3.9390,3.9420
4537.751765012741,3.9270,3.9390,3.9435
4555.762001037598,3.9270,3.9405,3.9420
4573.78084897995,3.9270,3.9390,3.9420
4591.7948389053345,3.9255,3.9375,3.9405
4609.806515932083,3.9255,3.9390,3.9405
4627.821686029434,3.9240,3.9375,3.9405
4645.835618019104,3.9240,3.9375,3.9405
4663.850624084473,3.9240,3.9375,3.9405
4681.865756988525,3.9225,3.9360,3.9390
4699.880681037903,3.9225,3.9360,3.9390
4717.890198945999,3.9225,3.9360,3.9390
4735.908638954163,3.9225,3.9345,3.9390
4753.9208080768585,3.9210,3.9345,3.9375
4771.93488907814,3.9195,3.9330,3.9360
4789.949758052826,3.9210,3.9330,3.9360
4807.964833021164,3.9195,3.9330,3.9360
4825.979820013046,3.9195,3.9330,3.9360
4843.993828058243,3.9180,3.9315,3.9345
4862.007776021957,3.9180,3.9315,3.9345
4880.019836902618,3.9180,3.9315,3.9345
4898.033843040466,3.9180,3.9300,3.9345
4916.048718929291,3.9165,3.9300,3.9345
4934.063965082169,3.9165,3.9300,3.9330
4952.0788469314575,3.9150,3.9300,3.9315
4970.092889070511,3.9165,3.9285,3.9315
4988.107861995697,3.9150,3.9285,3.9315
5006.121849060059,3.9150,3.9285,3.9315
5024.13273692131,3.9135,3.9285,3.9300
5042.147732019424,3.9135,3.9270,3.9300
5060.162868022919,3.9135,3.9270,3.9300
5078.177889108658,3.9120,3.9255,3.9300
5096.191881895065,3.9120,3.9255,3.9285
5114.206972122192,3.9120,3.9255,3.9285
5132.219815015793,3.9120,3.9240,3.9270
5150.232892990112,3.9105,3.9240,3.9270
5168.246886968613,3.9105,3.9240,3.9270
5186.2619099617,3.9105,3.9225,3.9270
5204.276902914047,3.9090,3.9225,3.9255
5222.287791967392,3.9090,3.9225,3.9255
5240.30184006691,3.9090,3.9210,3.9240
5258.320912122726,3.9090,3.9210,3.9240
5276.3347260952,3.9075,3.9210,3.9240
5294.345824956894,3.9075,3.9195,3.9240
5312.36092209816,3.9060,3.9195,3.9225
5330.375963926315,3.9060,3.9195,3.9225
5348.389868021011,3.9045,3.9180,3.9225
5366.404894113541,3.9045,3.9180,3.9210
5384.4199941158295,3.9045,3.9180,3.9210
5402.433877944946,3.9045,3.9165,3.9210
5420.44494509697,3.9045,3.9165,3.9210
5438.459991931915,3.9030,3.9165,3.9195
5456.47496509552,3.9030,3.9150,3.9195
5474.489844083786,3.9030,3.9150,3.9180
5492.504004955292,3.9015,3.9135,3.9180
5510.5188529491425,3.9015,3.9135,3.9180
5528.533976078033,3.9015,3.9135,3.9165
5546.541157960892,3.9000,3.9135,3.9165
5564.558974027634,3.9000,3.9120,3.9165
5582.57404088974,3.8985,3.9120,3.9150
5600.588975906372,3.8985,3.9120,3.9150
5618.601557970047,3.8985,3.9105,3.9150
5636.617505073547,3.8985,3.9105,3.9135
5654.63303399086,3.8985,3.9105,3.9135
5672.646775007248,3.8955,3.9090,3.9135
5690.652899980545,3.8970,3.9105,3.9120
5708.672981977463,3.8955,3.9090,3.9135
5726.688018083572,3.8955,3.9090,3.9105
5744.700176000595,3.8955,3.9075,3.9105
5762.717020988464,3.8940,3.9075,3.9105
5780.7321100234985,3.8940,3.9060,3.9090
5798.746004104614,3.8940,3.9060,3.9090
5816.756944894791,3.8925,3.9060,3.9090
5834.771884918213,3.8925,3.9045,3.9090
5852.78702712059,3.8925,3.9045,3.9075
5870.801114082336,3.8910,3.9045,3.9075
5888.8158049583435,3.8910,3.9030,3.9060
5906.83100605011,3.8910,3.9015,3.9075
5924.844907999039,3.8895,3.9030,3.9060
5942.855955123901,3.8895,3.9030,3.9045
5960.8710770606995,3.8895,3.9030,3.9060
5978.886051893234,3.8880,3.9000,3.9045
5996.8992829322815,3.8880,3.9015,3.9030
6014.915008068085,3.8865,3.9000,3.9030
6032.930067062378,3.8880,3.8985,3.9030
6050.944003105164,3.8865,3.9000,3.9015
6068.955076932907,3.8865,3.8985,3.9015
6086.970071077347,3.8850,3.8970,3.9015
6104.985080003738,3.8850,3.8985,3.9015
6122.9990339279175,3.8850,3.8970,3.9000
6141.0090119838715,3.8850,3.8970,3.9000
6159.029095888138,3.8835,3.8970,3.9000
6177.042932033539,3.8835,3.8955,3.8985
6195.054102897644,3.8820,3.8940,3.8985
6213.069091081619,3.8835,3.8955,3.8970
6231.080145120621,3.8820,3.8940,3.8970
6249.099177122116,3.8820,3.8940,3.8970
6267.113125085831,3.8805,3.8925,3.8970
6285.128111124039,3.8805,3.8925,3.8955
6303.142061948776,3.8805,3.8925,3.8955
6321.153125047684,3.8790,3.8925,3.8955
6339.168210983276,3.8790,3.8910,3.8940
6357.183136940002,3.8790,3.8910,3.8955
6375.198142051697,3.8790,3.8910,3.8940
6393.209880113602,3.8775,3.8895,3.8925
6411.22713804245,3.8775,3.8910,3.8925
6429.242147922516,3.8760,3.8895,3.8910
6447.2521069049835,3.8760,3.8880,3.8925
6465.266000986099,3.8760,3.8880,3.8910
6483.281886100769,3.8760,3.8865,3.8910
6501.297334909439,3.8745,3.8880,3.8910
6519.311257123947,3.8745,3.8865,3.8895
6537.326162099838,3.8745,3.8865,3.8895
6555.341031074524,3.8730,3.8865,3.8880
6573.351176023483,3.8730,3.8865,3.8880
6591.36616897583,3.8730,3.8865,3.8880
6609.38124704361,3.8730,3.8850,3.8865
6627.396181106567,3.8730,3.8850,3.8865
6645.410181045532,3.8715,3.8820,3.8865
6663.425255060196,3.8715,3.8835,3.8865
6681.440201997757,3.8700,3.8820,3.8850
6699.453996896744,3.8715,3.8820,3.8850
6717.465262889862,3.8700,3.8820,3.8850
6735.480219125748,3.8700,3.8805,3.8850
6753.492717027664,3.8700,3.8805,3.8835
6771.50919508934,3.8700,3.8805,3.8835
6789.523999929428,3.8685,3.8805,3.8820
6807.5375390052795,3.8685,3.8790,3.8820
6825.5501210689545,3.8670,3.8790,3.8820
6843.560180902481,3.8670,3.8790,3.8805
6861.577717065811,3.8670,3.8790,3.8805
6879.593719005585,3.8670,3.8775,3.8790
6897.608251094818,3.8670,3.8775,3.8805
6915.6231689453125,3.8670,3.8775,3.8790
6933.636153936386,3.8655,3.8760,3.8790
6951.649307012558,3.8640,3.8760,3.8790
6969.663077116013,3.8640,3.8760,3.8790
6987.676192045212,3.8640,3.8745,3.8775
7005.693203926086,3.8640,3.8760,3.8760
7023.704298019409,3.8640,3.8760,3.8760
7041.7222599983215,3.8625,3.8745,3.8760
7059.737333059311,3.8625,3.8745,3.8760
7077.7474200725555,3.8625,3.8745,3.8760
7095.759629011154,3.8625,3.8730,3.8745
7113.773862123489,3.8610,3.8730,3.8745
7131.792216062546,3.8610,3.8730,3.8745
7149.807169914246,3.8610,3.8715,3.8730
7167.82119512558,3.8610,3.8715,3.8730
7185.836225032806,3.8610,3.8700,3.8730
7203.8501970767975,3.8595,3.8700,3.8730
7221.86144900322,3.8595,3.8700,3.8730
7239.876142978668,3.8595,3.8700,3.8715
7257.891298055649,3.8580,3.8700,3.8700
7275.905956029892,3.8580,3.8700,3.8700
7293.920315027237,3.8580,3.8685,3.8700
7311.935388088226,3.8580,3.8685,3.8700
7329.949275016785,3.8565,3.8670,3.8700
7347.960330963135,3.8580,3.8670,3.8700
7365.975327014923,3.8565,3.8670,3.8685
7383.99032497406,3.8565,3.8685,3.8685
7402.005383014679,3.8565,3.8670,3.8685
7420.019340991974,3.8565,3.8670,3.8685
7438.034425020218,3.8550,3.8655,3.8670
7456.048177957535,3.8550,3.8655,3.8670
7474.0551290512085,3.8550,3.8655,3.8670
7492.072165966034,3.8535,3.8640,3.8670
7510.089380979538,3.8535,3.8640,3.8655
7528.101784944534,3.8535,3.8625,3.8655
7546.117434024811,3.8535,3.8640,3.8655
7564.133414983749,3.8535,3.8640,3.8655
7582.147164106369,3.8535,3.8625,3.8640
7600.1592490673065,3.8520,3.8625,3.8640
7618.173418998718,3.8520,3.8610,3.8640
7636.188332080841,3.8520,3.8610,3.8625
7654.203363895416,3.8520,3.8625,3.8625
7672.217432975769,3.8505,3.8610,3.8625
7690.232386112213,3.8505,3.8610,3.8625
7708.246225118637,3.8505,3.8610,3.8625
7726.258484125137,3.8505,3.8610,3.8610
7744.272413015366,3.8490,3.8610,3.8610
7762.287360906601,3.8490,3.8595,3.8610
7780.302403926849,3.8490,3.8580,3.8595
7798.313226938248,3.8490,3.8580,3.8595
7816.3279728889465,3.8490,3.8595,3.8595
7834.337017059326,3.8490,3.8580,3.8580
7852.352169036865,3.8475,3.8580,3.8595
7870.3664610385895,3.8475,3.8580,3.8580
7888.384016036987,3.8475,3.8565,3.8580
7906.396661043167,3.8475,3.8565,3.8580
7924.416215896606,3.8475,3.8565,3.8580
7942.430200099945,3.8460,3.8565,3.8565
7960.443228006363,3.8460,3.8565,3.8565
7978.456003904343,3.8460,3.8565,3.8565
7996.470773935318,3.8460,3.8565,3.8550
8014.485091924667,3.8445,3.8550,3.8565
8032.500183105469,3.8445,3.8535,3.8550
8050.515173912048,3.8445,3.8535,3.8535
8068.5292711257935,3.8445,3.8535,3.8535
8086.543435096741,3.8445,3.8535,3.8535
8104.555073976517,3.8430,3.8535,3.8535
8122.569307088852,3.8430,3.8520,3.8535
8140.584042072296,3.8430,3.8535,3.8520
8158.596029043198,3.8430,3.8520,3.8520
8176.614249944687,3.8415,3.8520,3.8535
8194.628036022186,3.8415,3.8520,3.8505
8212.641897916794,3.8430,3.8520,3.8520
8230.65205192566,3.8415,3.8520,3.8520
8248.668035030365,3.8415,3.8505,3.8505
8266.680022001266,3.8415,3.8505,3.8505
8284.698424100876,3.8415,3.8490,3.8490
8302.713335037231,3.8400,3.8505,3.8505
8320.723993062973,3.8400,3.8490,3.8490
8338.738234996796,3.8400,3.8490,3.8490
8356.753366947174,3.8400,3.8490,3.8490
8374.7625041008,3.8385,3.8490,3.8490
8392.782516002655,3.8385,3.8475,3.8475
8410.797353029251,3.8385,3.8475,3.8475
8428.811669111252,3.8385,3.8475,3.8475
8446.823987960815,3.8385,3.8475,3.8475
8464.837182998657,3.8370,3.8475,3.8475
8482.852149009705,3.8385,3.8475,3.8460
8500.867356061935,3.8370,3.8475,3.8460
8518.88149189949,3.8370,3.8460,3.8445
8536.896389961243,3.8370,3.8460,3.8460
8554.91130399704,3.8370,3.8460,3.8460
8572.925370931625,3.8355,3.8460,3.8460
8590.936340093613,3.8355,3.8460,3.8445
8608.951292991638,3.8355,3.8460,3.8445
8626.96562409401,3.8355,3.8445,3.8430
8644.980005025864,3.8355,3.8445,3.8430
8662.995500087738,3.8355,3.8445,3.8430
8681.010421037674,3.8355,3.8445,3.8430
8699.024118900299,3.8340,3.8430,3.8415
8717.033884048462,3.8325,3.8430,3.8430
8735.050338029861,3.8340,3.8430,3.8415
8753.065505027771,3.8340,3.8430,3.8430
8771.079544067383,3.8325,3.8430,3.8415
8789.092015028,3.8325,3.8430,3.8415
8807.10938501358,3.8325,3.8415,3.8400
8825.123044967651,3.8310,3.8415,3.8415
8843.13469004631,3.8325,3.8415,3.8400
8861.149224042892,3.8325,3.8415,3.8400
8879.164379119873,3.8310,3.8415,3.8385
8897.178321123123,3.8310,3.8415,3.8385
8915.193447113037,3.8310,3.8400,3.8400
8933.206157922745,3.8310,3.8400,3.8370
8951.219471931458,3.8310,3.8400,3.8385
8969.231413125992,3.8310,3.8400,3.8370
8987.248476982117,3.8295,3.8400,3.8385
9005.263451099396,3.8295,3.8385,3.8370
9023.277589082718,3.8295,3.8385,3.8370
9041.292481899261,3.8280,3.8385,3.8370
9059.30400109291,3.8280,3.8385,3.8355
9077.316025972366,3.8280,3.8385,3.8355
9095.332396030426,3.8280,3.8370,3.8355
9113.347357988358,3.8280,3.8370,3.8355
9131.362390041351,3.8280,3.8370,3.8355
9149.377311944962,3.8280,3.8370,3.8355
9167.39038491249,3.8265,3.8370,3.8355
9185.400026082993,3.8265,3.8355,3.8340
9203.417607069016,3.8265,3.8355,3.8340
9221.427186012268,3.8265,3.8340,3.8340
9239.446556091309,3.8265,3.8340,3.8325
9257.461317062378,3.8250,3.8355,3.8340
9275.476430892944,3.8265,3.8340,3.8325
9293.489294052124,3.8250,3.8340,3.8325
9311.498519897461,3.8250,3.8340,3.8325
9329.516545057297,3.8250,3.8340,3.8310
9347.530605077744,3.8250,3.8325,3.8310
9365.541057109833,3.8235,3.8325,3.8310
9383.560018062592,3.8235,3.8325,3.8295
9401.57216000557,3.8235,3.8325,3.8310
9419.585469961166,3.8235,3.8310,3.8295
9437.599992990494,3.8235,3.8310,3.8295
9455.61203289032,3.8235,3.8325,3.8310
9473.628061056137,3.8220,3.8310,3.8295
9491.644499063492,3.8220,3.8310,3.8295
9509.65697312355,3.8220,3.8310,3.8295
9527.673470020294,3.8220,3.8295,3.8280
9545.684736013412,3.8220,3.8310,3.8280
9563.699422121048,3.8220,3.8295,3.8280
9581.711709022522,3.8220,3.8295,3.8280
9599.729551076889,3.8205,3.8295,3.8280
9617.743534088135,3.8205,3.8295,3.8265
9635.757407903671,3.8205,3.8280,3.8265
9653.769675970078,3.8205,3.8295,3.8265
9671.783427000046,3.8205,3.8280,3.8265
9689.798619031906,3.8205,3.8280,3.8250
9707.813695907593,3.8205,3.8280,3.8250
9725.828691959381,3.8190,3.8280,3.8250
9743.84250497818,3.8190,3.8280,3.8250
9761.853519916534,3.8190,3.8265,3.8250
9779.868530988693,3.8190,3.8265,3.8250
9797.88250207901,3.8190,3.8265,3.8235
9815.89775109291,3.8190,3.8265,3.8235
9833.912573099136,3.8190,3.8265,3.8235
9851.92771100998,3.8175,3.8265,3.8235
9869.940598964691,3.8175,3.8250,3.8235
9887.952722072601,3.8175,3.8250,3.8235
9905.96760392189,3.8175,3.8250,3.8220
9923.982582092285,3.8175,3.8250,3.8220
9941.99658703804,3.8160,3.8250,3.8220
9960.011653900146,3.8175,3.8250,3.8220
9978.02540898323,3.8160,3.8235,3.8205
9996.036597967148,3.8160,3.8235,3.8220
10014.05159497261,3.8145,3.8235,3.8220
10032.066642999649,3.8160,3.8235,3.8220
10050.081871032715,3.8160,3.8235,3.8205
10068.095483064651,3.8160,3.8235,3.8205
10086.11060500145,3.8160,3.8235,3.8205
10104.120172977448,3.8145,3.8220,3.8190
10122.135207891464,3.8145,3.8220,3.8190
10140.1506690979,3.8145,3.8220,3.8190
10158.16425895691,3.8145,3.8220,3.8190
10176.180835008621,3.8145,3.8220,3.8190
10194.19476890564,3.8145,3.8220,3.8190
10212.208395004272,3.8145,3.8220,3.8175
10230.220684051514,3.8130,3.8205,3.8175
10248.234607934952,3.8130,3.8205,3.8175
10266.245692014694,3.8130,3.8205,3.8175
10284.264678955078,3.8130,3.8205,3.8160
10302.279670000076,3.8115,3.8190,3.8160
10320.293773889542,3.8115,3.8190,3.8160
10338.301353931427,3.8130,3.8190,3.8160
10356.319797992706,3.8115,3.8205,3.8160
10374.332822084427,3.8115,3.8190,3.8160
10392.34633398056,3.8100,3.8190,3.8160
10410.361187934875,3.8100,3.8190,3.8145
10428.378551006317,3.8100,3.8190,3.8160
10446.388245105743,3.8100,3.8190,3.8145
10464.399863004684,3.8100,3.8175,3.8145
10482.41854095459,3.8100,3.8190,3.8145
10500.433751106262,3.8100,3.8175,3.8145
10518.444255113602,3.8085,3.8175,3.8130
10536.462734937668,3.8100,3.8175,3.8130
10554.473781108856,3.8100,3.8175,3.8130
10572.487924098969,3.8085,3.8160,3.8130
10590.50002002716,3.8085,3.8175,3.8130
10608.516027927399,3.8085,3.8160,3.8130
10626.53140091896,3.8085,3.8160,3.8130
10644.546761989594,3.8085,3.8160,3.8115
10662.557476043701,3.8085,3.8160,3.8115
10680.567764997482,3.8070,3.8145,3.8115
10698.584212064743,3.8070,3.8145,3.8115
10716.597742080688,3.8070,3.8145,3.8115
10734.616921901703,3.8070,3.8145,3.8115
10752.631813049316,3.8070,3.8130,3.8100
10770.64605307579,3.8070,3.8160,3.8100
10788.656878948212,3.8070,3.8145,3.8100
10806.671732902527,3.8070,3.8130,3.8100
10824.686607122421,3.8055,3.8145,3.8100
10842.696819067001,3.8070,3.8145,3.8100
10860.711370944977,3.8055,3.8130,3.8100
10878.729640960693,3.8055,3.8130,3.8085
10896.740813970566,3.8055,3.8130,3.8100
10914.752038955688,3.8055,3.8130,3.8100
10932.765825986862,3.8055,3.8130,3.8085
10950.785825967789,3.8055,3.8130,3.8085
10968.799957036972,3.8040,3.8115,3.8085
10986.809978961945,3.8040,3.8130,3.8070
11004.825334072113,3.8040,3.8115,3.8085
11022.836072921753,3.8040,3.8115,3.8070
11040.852035999298,3.8040,3.8115,3.8070
11058.868797063828,3.8040,3.8115,3.8070
11076.884855985641,3.8040,3.8100,3.8070
11094.89601802826,3.8025,3.8100,3.8070
11112.908201932907,3.8025,3.8100,3.8070
11130.925121068954,3.8025,3.8100,3.8070
11148.939853906631,3.8025,3.8085,3.8070
11166.953664064407,3.8025,3.8085,3.8055
11184.968074083328,3.8010,3.8085,3.8055
11202.983896017075,3.8025,3.8100,3.8040
11220.993817090988,3.8010,3.8085,3.8055
11239.008973121643,3.8010,3.8100,3.8040
11257.023297071457,3.8010,3.8085,3.8040
11275.03409910202,3.8010,3.8085,3.8040
11293.048521995544,3.8010,3.8070,3.8040
11311.06799697876,3.8010,3.8085,3.8040
11329.081562042236,3.8010,3.8070,3.8025
11347.089199066162,3.8010,3.8070,3.8040
11365.104007005692,3.8010,3.8070,3.8025
11383.120179891586,3.7995,3.8070,3.8025
11401.138046979904,3.8010,3.8070,3.8040
11419.148216962814,3.7995,3.8055,3.8025
11437.164448976517,3.7995,3.8055,3.8025
11455.177884101868,3.7995,3.8070,3.8010
11473.19175195694,3.7995,3.8070,3.8025
11491.204014062881,3.7995,3.8055,3.8010
11509.219875097275,3.7995,3.8070,3.8010
11527.23445391655,3.7980,3.8055,3.8010
11545.250639915466,3.7980,3.8055,3.8010
11563.260788917542,3.7980,3.8055,3.8010
11581.276978969574,3.7980,3.8055,3.8010
11599.289637088776,3.7980,3.8055,3.8010
11617.304589986801,3.7980,3.8055,3.8010
11635.320878982544,3.7980,3.8040,3.8010
11653.334904909134,3.7980,3.8040,3.7995
11671.346137046814,3.7965,3.8040,3.7995
11689.361095905304,3.7965,3.8040,3.7995
11707.37598991394,3.7965,3.8040,3.7995
11725.390886068344,3.7965,3.8025,3.7995
11743.403971910477,3.7965,3.8040,3.7980
11761.418709039688,3.7965,3.8040,3.7995
11779.43079996109,3.7950,3.8040,3.7980
11797.44542002678,3.7965,3.8025,3.7980
11815.455102920532,3.7950,3.8025,3.7965
11833.472018957138,3.7950,3.8025,3.7980
11851.489376068115,3.7965,3.8010,3.7980
11869.500618934631,3.7950,3.8025,3.7980
11887.515007019043,3.7950,3.8010,3.7965
11905.528023958206,3.7950,3.8025,3.7965
11923.545048952103,3.7935,3.8010,3.7965
11941.558943986893,3.7950,3.8025,3.7965
11959.573575019836,3.7935,3.8010,3.7965
11977.588260889053,3.7950,3.7995,3.7965
11995.596046924591,3.7935,3.8010,3.7950
12013.61199593544,3.7950,3.8010,3.7965
12031.62823009491,3.7935,3.7995,3.7950
12049.643960952759,3.7935,3.7995,3.7950
12067.658116102219,3.7935,3.7995,3.7950
12085.673029899597,3.7935,3.8010,3.7935
12103.683890104294,3.7935,3.7995,3.7935
12121.69622707367,3.7935,3.7995,3.7935
12139.712009906769,3.7920,3.7995,3.7950
12157.728136062622,3.7920,3.7995,3.7935
12175.74289393425,3.7920,3.7980,3.7950
12193.752593040466,3.7920,3.7980,3.7935
12211.767879009247,3.7920,3.7980,3.7935
12229.78308391571,3.7920,3.7995,3.7935
12247.797110080719,3.7920,3.7980,3.7935
12265.80864405632,3.7920,3.7980,3.7935
12283.827094078064,3.7905,3.7980,3.7935
12301.837884902954,3.7920,3.7980,3.7935
12319.852267026901,3.7920,3.7980,3.7920
12337.86712193489,3.7905,3.7965,3.7920
12355.882193088531,3.7905,3.7965,3.7920
12373.897294998169,3.7905,3.7965,3.7905
12391.911164999008,3.7890,3.7980,3.7920
12409.923773050308,3.7905,3.7965,3.7920
12427.937128067017,3.7890,3.7965,3.7905
12445.951137065887,3.7890,3.7965,3.7905
12463.96612906456,3.7890,3.7965,3.7905
12481.981125116348,3.7890,3.7965,3.7905
12499.995328903198,3.7890,3.7965,3.7905
12518.009995937347,3.7890,3.7950,3.7905
12536.02111697197,3.7890,3.7965,3.7905
12554.036211013794,3.7890,3.7950,3.7890
12572.049969911575,3.7890,3.7965,3.7905
12590.065402030945,3.7875,3.7950,3.7890
12608.080089092255,3.7875,3.7950,3.7890
12626.095133066177,3.7875,3.7950,3.7875
12644.104645967484,3.7875,3.7950,3.7890
12662.120065927505,3.7875,3.7950,3.7890
12680.13516998291,3.7875,3.7935,3.7875
12698.14835190773,3.7875,3.7935,3.7875
12716.164248943329,3.7875,3.7935,3.7875
12734.179147958755,3.7875,3.7935,3.7875
12752.192878007889,3.7875,3.7935,3.7890
12770.20429611206,3.7860,3.7920,3.7875
12788.21913599968,3.7860,3.7935,3.7875
12806.234297037125,3.7860,3.7935,3.7860
12824.249004125595,3.7860,3.7920,3.7860
12842.263324022293,3.7860,3.7935,3.7860
12860.277255058289,3.7845,3.7920,3.7860
12878.289127111435,3.7860,3.7920,3.7860
12896.299977064133,3.7845,3.7920,3.7860
12914.31801700592,3.7845,3.7920,3.7860
12932.329231023788,3.7860,3.7905,3.7860
12950.348016023636,3.7845,3.7905,3.7860
12968.36202096939,3.7845,3.7920,3.7845
12986.37325501442,3.7845,3.7920,3.7845
13004.388518095016,3.7845,3.7905,3.7845
13022.402058124542,3.7830,3.7905,3.7845
13040.417265892029,3.7845,3.7905,3.7845
13058.427421092987,3.7845,3.7905,3.7845
13076.446029901505,3.7845,3.7905,3.7845
13094.457302093506,3.7845,3.7890,3.7845
13112.472250938416,3.7830,3.7890,3.7845
13130.48431110382,3.7830,3.7905,3.7845
13148.501060962677,3.7830,3.7905,3.7830
13166.516241073608,3.7830,3.7890,3.7830
13184.530383110046,3.7815,3.7905,3.7830
13202.54211807251,3.7830,3.7890,3.7830
13220.55577802658,3.7830,3.7890,3.7815
13238.5679769516,3.7830,3.7875,3.7815
13256.584012031555,3.7815,3.7890,3.7815
13274.597847938538,3.7815,3.7890,3.7830
13292.612015008926,3.7815,3.7890,3.7815
13310.626373052597,3.7815,3.7890,3.7815
13328.638359069824,3.7815,3.7875,3.7815
13346.652014017105,3.7815,3.7875,3.7815
13364.67013502121,3.7815,3.7875,3.7815
13382.685630083084,3.7800,3.7875,3.7815
13400.695234060287,3.7800,3.7860,3.7800
13418.708008050919,3.7815,3.7860,3.7800
13436.7254550457,3.7800,3.7860,3.7800
13454.735980987549,3.7800,3.7875,3.7800
13472.754137992859,3.7800,3.7860,3.7800
13490.768409013748,3.7800,3.7860,3.7800
13508.779069900513,3.7785,3.7860,3.7785
13526.79525899887,3.7785,3.7860,3.7785
13544.809449911118,3.7785,3.7860,3.7800
13562.82221698761,3.7785,3.7860,3.7785
13580.839363098145,3.7785,3.7860,3.7785
13598.853302001953,3.7785,3.7860,3.7770
13616.86365199089,3.7785,3.7845,3.7785
13634.879445075989,3.7785,3.7845,3.7770
13652.89228606224,3.7785,3.7845,3.7785
13670.90809392929,3.7770,3.7845,3.7785
13688.920026063919,3.7770,3.7845,3.7785
13706.934344053268,3.7770,3.7845,3.7770
13724.948416948318,3.7770,3.7830,3.7785
13742.962299108505,3.7770,3.7830,3.7770
13760.978188037872,3.7770,3.7845,3.7770
13778.988806962967,3.7770,3.7830,3.7770
13797.006338119507,3.7770,3.7830,3.7770
13815.018258094788,3.7770,3.7830,3.7755
13833.028724908829,3.7770,3.7830,3.7755
13851.04847407341,3.7770,3.7830,3.7755
13869.062258958817,3.7770,3.7830,3.7755
13887.077358961105,3.7755,3.7815,3.7755
13905.091131925583,3.7755,3.7815,3.7755
13923.102441072464,3.7755,3.7830,3.7755
13941.117455005646,3.7755,3.7815,3.7755
13959.13199710846,3.7740,3.7815,3.7755
13977.143565893173,3.7740,3.7815,3.7740
13995.161432981491,3.7740,3.7815,3.7755
14013.175370931625,3.7740,3.7815,3.7740
14031.183523893356,3.7740,3.7815,3.7740
14049.201342105865,3.7740,3.7815,3.7740
14067.215064048767,3.7740,3.7800,3.7725
14085.230536937714,3.7725,3.7800,3.7740
14103.24647808075,3.7725,3.7800,3.7725
14121.256490945816,3.7725,3.7785,3.7725
14139.270581007004,3.7725,3.7785,3.7725
14157.286477088928,3.7725,3.7800,3.7725
14175.300671100616,3.7725,3.7800,3.7725
14193.315606117249,3.7725,3.7800,3.7725
14211.328665018082,3.7725,3.7785,3.7710
14229.34129691124,3.7725,3.7785,3.7710
14247.353641033173,3.7710,3.7770,3.7710
14265.370593070984,3.7710,3.7785,3.7710
14283.385513067245,3.7710,3.7785,3.7725
14301.395992994308,3.7710,3.7785,3.7710
14319.40982890129,3.7710,3.7785,3.7710
14337.42229104042,3.7695,3.7770,3.7710
14355.440598011017,3.7695,3.7770,3.7710
14373.45012998581,3.7695,3.7770,3.7695
14391.468065023422,3.7695,3.7770,3.7695
14409.480166912079,3.7695,3.7770,3.7695
14427.494694948196,3.7695,3.7755,3.7695
14445.509537935257,3.7680,3.7770,3.7695
14463.525022983551,3.7680,3.7755,3.7680
14481.539472103119,3.7680,3.7755,3.7695
14499.553451061249,3.7680,3.7755,3.7695
14517.564076900482,3.7680,3.7755,3.7680
14535.579530000687,3.7680,3.7740,3.7680
14553.593696117401,3.7665,3.7740,3.7680
14571.608473062515,3.7665,3.7740,3.7665
14589.620469093323,3.7665,3.7740,3.7665
14607.63722896576,3.7665,3.7725,3.7665
14625.650789022446,3.7665,3.7725,3.7665
14643.663661956787,3.7665,3.7740,3.7665
14661.675240039825,3.7650,3.7725,3.7665
14679.692023992538,3.7635,3.7725,3.7665
14697.707578897476,3.7650,3.7725,3.7665
14715.72254896164,3.7635,3.7725,3.7650
14733.730271100998,3.7650,3.7725,3.7665
14751.747540950775,3.7635,3.7710,3.7650
14769.762716054916,3.7635,3.7710,3.7650
14787.77756690979,3.7635,3.7710,3.7650
14805.792689085007,3.7620,3.7695,3.7650
14823.805327892303,3.7620,3.7710,3.7650
14841.817577123642,3.7620,3.7710,3.7650
14859.83203291893,3.7620,3.7710,3.7635
14877.84507894516,3.7620,3.7695,3.7635
14895.860012054443,3.7620,3.7695,3.7635
14913.876579999924,3.7620,3.7680,3.7620
14931.886626005173,3.7605,3.7695,3.7620
14949.900007009506,3.7605,3.7695,3.7620
14967.916592121124,3.7605,3.7680,3.7620
14985.928009986877,3.7590,3.7680,3.7620
15003.945697069168,3.7605,3.7680,3.7620
15021.959352970123,3.7605,3.7665,3.7620
15039.971560001373,3.7590,3.7665,3.7605
15057.986536979675,3.7590,3.7665,3.7620
15076.00060391426,3.7590,3.7665,3.7605
15094.015480041504,3.7575,3.7650,3.7605
15112.027981042862,3.7575,3.7665,3.7590
15130.043991088867,3.7575,3.7650,3.7590
15148.050893068314,3.7575,3.7650,3.7590
15166.07054400444,3.7575,3.7650,3.7605
15184.08568406105,3.7560,3.7650,3.7590
15202.097552061081,3.7575,3.7635,3.7590
15220.113598108292,3.7575,3.7650,3.7590
15238.121385097504,3.7560,3.7650,3.7590
15256.139653921127,3.7560,3.7635,3.7575
15274.152687072754,3.7560,3.7635,3.7575
15292.169661045074,3.7545,3.7620,3.7575
15310.184664964676,3.7545,3.7620,3.7575
15328.197333097458,3.7545,3.7620,3.7575
15346.207995891571,3.7545,3.7620,3.7560
15364.22468996048,3.7530,3.7620,3.7560
15382.23724102974,3.7530,3.7605,3.7560
15400.250663042068,3.7530,3.7620,3.7575
15418.268965959549,3.7530,3.7605,3.7575
15436.279658079147,3.7530,3.7605,3.7545
15454.29383111,3.7530,3.7605,3.7560
15472.308666944504,3.7515,3.7590,3.7560
15490.323729038239,3.7530,3.7590,3.7545
15508.338835954666,3.7515,3.7605,3.7545
15526.349144935608,3.7515,3.7605,3.7545
15544.363637924194,3.7515,3.7590,3.7545
15562.3739631176,3.7515,3.7590,3.7545
15580.390075922012,3.7515,3.7590,3.7545
15598.405277013779,3.7515,3.7575,3.7530
15616.42099404335,3.7500,3.7575,3.7530
15634.432769060135,3.7500,3.7575,3.7530
15652.44772195816,3.7500,3.7575,3.7530
15670.462666034698,3.7500,3.7575,3.7530
15688.477852106094,3.7500,3.7575,3.7530
15706.491754055023,3.7485,3.7575,3.7515
15724.505793094635,3.7485,3.7560,3.7515
15742.517699956894,3.7485,3.7560,3.7500
15760.53257393837,3.7485,3.7560,3.7515
15778.547065019608,3.7470,3.7545,3.7515
15796.561288118362,3.7470,3.7560,3.7500
15814.576217889786,3.7470,3.7545,3.7515
15832.586806058884,3.7470,3.7545,3.7500
15850.601797103882,3.7470,3.7545,3.7500
15868.616761922836,3.7470,3.7545,3.7500
15886.630065917969,3.7455,3.7545,3.7500
15904.645612001419,3.7470,3.7545,3.7485
15922.659464120865,3.7455,3.7545,3.7485
15940.671799898148,3.7455,3.7530,3.7485
15958.684005022049,3.7455,3.7530,3.7470
15976.70083808899,3.7455,3.7530,3.7485
15994.715984106064,3.7455,3.7530,3.7470
16012.73061299324,3.7455,3.7530,3.7470
16030.739959001541,3.7440,3.7515,3.7470
16048.755721092224,3.7455,3.7515,3.7470
16066.770946979523,3.7440,3.7515,3.7455
16084.784765005112,3.7440,3.7515,3.7470
16102.79983496666,3.7440,3.7500,3.7470
16120.812153100967,3.7440,3.7515,3.7455
16138.825839996338,3.7440,3.7500,3.7455
16156.836007118225,3.7425,3.7515,3.7455
16174.854976892471,3.7425,3.7500,3.7455
16192.869879961014,3.7425,3.7485,3.7440
16210.884609937668,3.7425,3.7500,3.7440
16228.8966588974,3.7410,3.7485,3.7440
16246.909749031067,3.7425,3.7485,3.7440
16264.92487692833,3.7410,3.7485,3.7440
16282.936007976532,3.7410,3.7485,3.7440
16300.954018115997,3.7410,3.7485,3.7425
16318.96822810173,3.7410,3.7485,3.7440
16336.978629112244,3.7410,3.7470,3.7425
16354.994054079056,3.7410,3.7470,3.7425
16373.00598692894,3.7410,3.7470,3.7425
16391.020004034042,3.7395,3.7455,3.7410
16409.034425020218,3.7395,3.7455,3.7410
16427.052014112473,3.7395,3.7470,3.7410
16445.063533067703,3.7395,3.7455,3.7410
16463.077409029007,3.7395,3.7455,3.7395
16481.090770959854,3.7380,3.7455,3.7395
16499.104022026062,3.7380,3.7455,3.7395
16517.123035907745,3.7380,3.7440,3.7395
16535.136524915695,3.7395,3.7455,3.7410
16553.143649101257,3.7380,3.7455,3.7395
16571.158548116684,3.7380,3.7455,3.7395
16589.17777299881,3.7380,3.7440,3.7380
16607.191772937775,3.7380,3.7440,3.7395
16625.206854104996,3.7380,3.7440,3.7365
16643.220367908478,3.7365,3.7440,3.7380
16661.227637052536,3.7365,3.7440,3.7365
16679.246939897537,3.7365,3.7440,3.7380
16697.26178097725,3.7365,3.7440,3.7380
16715.274516105652,3.7365,3.7440,3.7365
16733.29088306427,3.7350,3.7425,3.7365
16751.301762104034,3.7365,3.7440,3.7365
16769.317050933838,3.7365,3.7425,3.7365
16787.327965974808,3.7365,3.7425,3.7365
16805.345988035202,3.7365,3.7425,3.7350
16823.35976791382,3.7350,3.7425,3.7350
16841.37285399437,3.7365,3.7425,3.7350
16859.384027957916,3.7350,3.7425,3.7350
16877.40114593506,3.7350,3.7410,3.7350
16895.416106939316,3.7350,3.7410,3.7335
16913.431086063385,3.7350,3.7410,3.7350
16931.443207025528,3.7335,3.7395,3.7350
16949.458676099777,3.7335,3.7395,3.7350
16967.46963906288,3.7350,3.7395,3.7335
16985.485425949097,3.7350,3.7410,3.7335
17003.499841928482,3.7335,3.7395,3.7335
17021.514981985092,3.7335,3.7395,3.7335
17039.528491020203,3.7335,3.7395,3.7335
17057.539827108383,3.7335,3.7395,3.7320
17075.555015087128,3.7335,3.7395,3.7320
17093.570015907288,3.7335,3.7395,3.7320
17111.58396410942,3.7335,3.7395,3.7320
17129.596149921417,3.7335,3.7380,3.7320
17147.61275601387,3.7335,3.7380,3.7320
17165.625081062317,3.7320,3.7395,3.7320
17183.63897395134,3.7320,3.7380,3.7320
17201.653984069824,3.7320,3.7380,3.7320
17219.668008089066,3.7320,3.7380,3.7320
17237.68301796913,3.7320,3.7365,3.7305
17255.6941549778,3.7305,3.7380,3.7305
17273.709090948105,3.7305,3.7380,3.7305
17291.72037911415,3.7305,3.7365,3.7305
17309.738069057465,3.7305,3.7380,3.7305
17327.75306391716,3.7305,3.7380,3.7290
17345.764262914658,3.7305,3.7380,3.7290
17363.77601790428,3.7305,3.7365,3.7305
17381.79306912422,3.7305,3.7365,3.7305
17399.808120012283,3.7305,3.7365,3.7305
17417.823210000992,3.7305,3.7365,3.7290
17435.836896896362,3.7290,3.7365,3.7305
17453.84808897972,3.7290,3.7350,3.7275
17471.86316204071,3.7290,3.7350,3.7290
17489.877096891403,3.7290,3.7365,3.7290
17507.88799905777,3.7290,3.7350,3.7290
17525.907222032547,3.7275,3.7350,3.7290
17543.920840978622,3.7290,3.7350,3.7275
17561.932255983353,3.7275,3.7350,3.7275
17579.947020053864,3.7275,3.7350,3.7275
17597.96212410927,3.7290,3.7350,3.7275
17615.97715997696,3.7275,3.7350,3.7275
17633.991296052933,3.7275,3.7335,3.7275
17652.00211906433,3.7260,3.7335,3.7275
17670.017164945602,3.7275,3.7335,3.7260
17688.031102895737,3.7275,3.7320,3.7260
17706.046118974686,3.7260,3.7335,3.7260
17724.060182094574,3.7260,3.7320,3.7260
17742.07509493828,3.7260,3.7320,3.7260
17760.086308002472,3.7260,3.7320,3.7245
17778.101375102997,3.7245,3.7320,3.7260
17796.116104125977,3.7260,3.7320,3.7260
17814.13021492958,3.7260,3.7320,3.7260
17832.145343065262,3.7245,3.7320,3.7245
17850.15917110443,3.7245,3.7305,3.7245
17868.170335054398,3.7245,3.7320,3.7245
17886.18341112137,3.7245,3.7305,3.7245
17904.200187921524,3.7230,3.7320,3.7230
17922.212026119232,3.7245,3.7320,3.7230
17940.22856593132,3.7230,3.7305,3.7245
17958.237745046616,3.7230,3.7305,3.7230
17976.25520300865,3.7230,3.7305,3.7230
17994.27021098137,3.7230,3.7305,3.7215
18012.284008026123,3.7230,3.7290,3.7230
18030.2964990139,3.7215,3.7290,3.7215
18048.312910079956,3.7215,3.7290,3.7230
18066.324233055115,3.7215,3.7275,3.7215
18084.33935189247,3.7200,3.7290,3.7215
18102.35434794426,3.7215,3.7275,3.7215
18120.369000911713,3.7215,3.7275,3.7215
18138.381846904755,3.7200,3.7290,3.7200
18156.391983032227,3.7200,3.7275,3.7215
18174.409359931946,3.7200,3.7275,3.7200
18192.42060995102,3.7200,3.7275,3.7200
18210.438163995743,3.7200,3.7275,3.7200
18228.453305006027,3.7200,3.7275,3.7200
18246.467173099518,3.7200,3.7260,3.7200
18264.473762989044,3.7185,3.7260,3.7200
18282.493232011795,3.7185,3.7260,3.7185
18300.507229089737,3.7185,3.7260,3.7185
18318.523318052292,3.7170,3.7245,3.7200
18336.53723192215,3.7170,3.7245,3.7200
18354.5509929657,3.7170,3.7245,3.7185
18372.560028076172,3.7170,3.7245,3.7170
18390.576069116592,3.7170,3.7245,3.7185
18408.592392921448,3.7170,3.7245,3.7185
18426.602296113968,3.7170,3.7230,3.7170
18444.620135068893,3.7155,3.7245,3.7170
18462.632399082184,3.7170,3.7245,3.7170
18480.64738202095,3.7155,3.7230,3.7155
18498.662133932114,3.7155,3.7215,3.7170
18516.676319122314,3.7155,3.7230,3.7155
18534.691363096237,3.7140,3.7215,3.7155
18552.70561695099,3.7155,3.7215,3.7155
18570.717358112335,3.7140,3.7215,3.7140
18588.731470108032,3.7140,3.7215,3.7155
18606.74631690979,3.7140,3.7215,3.7140
18624.759359121323,3.7140,3.7215,3.7140
18642.773901939392,3.7140,3.7215,3.7155
18660.79012298584,3.7140,3.7215,3.7140
18678.80133509636,3.7140,3.7200,3.7125
18696.816020011902,3.7125,3.7200,3.7140
18714.83028793335,3.7125,3.7215,3.7125
18732.842724084854,3.7125,3.7200,3.7125
18750.858864068985,3.7125,3.7185,3.7125
18768.872034072876,3.7110,3.7200,3.7125
18786.885436058044,3.7110,3.7185,3.7110
18804.900157928467,3.7110,3.7185,3.7125
18822.91531610489,3.7110,3.7185,3.7125
18840.925738096237,3.7095,3.7170,3.7110
18858.94288802147,3.7095,3.7170,3.7110
18876.95532298088,3.7095,3.7170,3.7095
18894.96800994873,3.7095,3.7170,3.7110
18912.984337091446,3.7095,3.7170,3.7095
18930.999221086502,3.7095,3.7170,3.7095
18949.014300107956,3.7095,3.7155,3.7095
18967.02851009369,3.7095,3.7170,3.7095
18985.03933405876,3.7095,3.7155,3.7095
19003.0543820858,3.7080,3.7155,3.7080
19021.069709062576,3.7095,3.7155,3.7095
19039.081963062286,3.7080,3.7155,3.7080
19057.098433971405,3.7080,3.7140,3.7065
19075.112009048462,3.7080,3.7155,3.7080
19093.11865210533,3.7080,3.7155,3.7080
19111.138637065887,3.7080,3.7140,3.7065
19129.153412103653,3.7065,3.7140,3.7065
19147.168484926224,3.7065,3.7140,3.7065
19165.18132209778,3.7065,3.7140,3.7065
19183.19346189499,3.7065,3.7140,3.7065
19201.20802307129,3.7050,3.7125,3.7050
19219.222414970398,3.7050,3.7140,3.7050
19237.237467050552,3.7050,3.7125,3.7050
19255.252728939056,3.7050,3.7125,3.7050
19273.266140937805,3.7050,3.7125,3.7050
19291.277408123016,3.7050,3.7125,3.7035
19309.292454957962,3.7050,3.7110,3.7050
19327.307593107224,3.7035,3.7110,3.7035
19345.319986104965,3.7035,3.7110,3.7035
19363.33597302437,3.7035,3.7095,3.7035
19381.344641923904,3.7035,3.7110,3.7035
19399.360013961792,3.7035,3.7110,3.7035
19417.376616954803,3.7035,3.7110,3.7035
19435.39129304886,3.7035,3.7110,3.7020
19453.405004024506,3.7020,3.7095,3.7020
19471.420262098312,3.7020,3.7095,3.7020
19489.429879903793,3.7020,3.7095,3.7020
19507.44400691986,3.7005,3.7095,3.7005
19525.461479902267,3.7020,3.7095,3.7020
19543.473624944687,3.7020,3.7080,3.7005
19561.49048089981,3.7005,3.7080,3.7005
19579.50033402443,3.6990,3.7080,3.7005
19597.516006946564,3.6990,3.7080,3.7005
19615.53034210205,3.7005,3.7080,3.7005
19633.545568943024,3.6990,3.7080,3.6990
19651.55719089508,3.6990,3.7065,3.6990
19669.572115898132,3.6990,3.7065,3.7005
19687.585653066635,3.6975,3.7065,3.6990
19705.600524902344,3.6990,3.7065,3.6975
19723.611998081207,3.6975,3.7065,3.6990
19741.629374027252,3.6960,3.7065,3.6975
19759.644819021225,3.6960,3.7065,3.6975
19777.65710091591,3.6960,3.7050,3.6975
19795.666054964066,3.6960,3.7050,3.6960
19813.679594039917,3.6960,3.7035,3.6975
19831.699548006058,3.6945,3.7050,3.6960
19849.712090969086,3.6945,3.7035,3.6975
19867.728467941284,3.6945,3.7035,3.6960
19885.736745119095,3.6930,3.7035,3.6960
19903.753047943115,3.6945,3.7020,3.6945
19921.768388986588,3.6930,3.7020,3.6960
19939.78371500969,3.6930,3.7020,3.6945
19957.796020030975,3.6930,3.7020,3.6960
19975.812350988388,3.6915,3.7005,3.6945
19993.821527004242,3.6915,3.7020,3.6945
20011.838618040085,3.6915,3.7020,3.6945
20029.852010965347,3.6900,3.7005,3.6930
20047.868597984314,3.6900,3.6990,3.6930
20065.880026102066,3.6885,3.7005,3.6915
20083.893758058548,3.6885,3.7005,3.6915
20101.908427000046,3.6885,3.6990,3.6915
20119.92259812355,3.6885,3.6990,3.6915
20137.937602043152,3.6885,3.6990,3.6915
20155.952577114105,3.6870,3.6975,3.6900
20173.96363592148,3.6870,3.6960,3.6900
20191.977889060974,3.6855,3.6960,3.6900
20209.992762088776,3.6855,3.6960,3.6885
20228.007767915726,3.6855,3.6960,3.6885
20246.020009994507,3.6855,3.6945,3.6885
20264.036609888077,3.6840,3.6945,3.6870
20282.045569896698,3.6855,3.6945,3.6870
20300.06259703636,3.6855,3.6930,3.6870
20318.076643943787,3.6840,3.6930,3.6855
20336.088576078415,3.6840,3.6915,3.6855
20354.104005098343,3.6840,3.6915,3.6855
20372.12036705017,3.6840,3.6930,3.6840
20390.131966114044,3.6825,3.6915,3.6840
20408.146485090256,3.6840,3.6900,3.6825
20426.16176390648,3.6825,3.6915,3.6840
20444.173450946808,3.6825,3.6900,3.6825
20462.190515995026,3.6825,3.6900,3.6825
20480.204005002975,3.6825,3.6885,3.6825
20498.21553993225,3.6825,3.6885,3.6810
20516.2308011055,3.6825,3.6885,3.6810
20534.243365049362,3.6825,3.6885,3.6810
20552.26074695587,3.6825,3.6885,3.6810
20570.274737119675,3.6825,3.6885,3.6795
20588.285746097565,3.6825,3.6885,3.6810
20606.300404071808,3.6810,3.6885,3.6795
20624.314743995667,3.6810,3.6870,3.6795
20642.328109025955,3.6810,3.6870,3.6795
20660.344823122025,3.6810,3.6870,3.6795
20678.358511924744,3.6810,3.6870,3.6780
20696.36959195137,3.6810,3.6870,3.6780
20714.384012937546,3.6810,3.6870,3.6780
20732.399679899216,3.6810,3.6870,3.6780
20750.41475391388,3.6795,3.6870,3.6780
20768.428029060364,3.6795,3.6855,3.6765
20786.439784049988,3.6810,3.6870,3.6780
20804.455019950867,3.6795,3.6855,3.6780
20822.468008041382,3.6795,3.6870,3.6765
20840.48370194435,3.6795,3.6855,3.6765
20858.49878001213,3.6795,3.6840,3.6765
20876.512793064117,3.6795,3.6855,3.6765
20894.523822069168,3.6795,3.6855,3.6765
20912.538786888123,3.6795,3.6855,3.6765
20930.554126024246,3.6795,3.6855,3.6765
20948.564016103745,3.6780,3.6840,3.6765
20966.582921028137,3.6780,3.6840,3.6765
20984.5964550972,3.6780,3.6840,3.6765
21002.607958078384,3.6780,3.6840,3.6750
21020.622637033463,3.6780,3.6840,3.6765
21038.63779091835,3.6780,3.6840,3.6750
21056.648263931274,3.6765,3.6840,3.6765
21074.6666328907,3.6765,3.6840,3.6750
21092.677899122238,3.6765,3.6840,3.6750
21110.69224691391,3.6765,3.6825,3.6750
21128.70771408081,3.6765,3.6840,3.6735
21146.721596956253,3.6765,3.6840,3.6750
21164.73415708542,3.6765,3.6825,3.6750
21182.74953198433,3.6765,3.6825,3.6750
21200.76176905632,3.6750,3.6825,3.6750
21218.776777029037,3.6750,3.6825,3.6735
21236.79165005684,3.6750,3.6825,3.6735
21254.80498099327,3.6735,3.6825,3.6735
21272.820590019226,3.6750,3.6825,3.6750
21290.83157300949,3.6735,3.6825,3.6735
21308.84689092636,3.6735,3.6810,3.6750
21326.86000394821,3.6735,3.6810,3.6735
21344.8741209507,3.6735,3.6810,3.6735
21362.890872001648,3.6720,3.6810,3.6735
21380.901544094086,3.6720,3.6795,3.6735
21398.91203188896,3.6720,3.6810,3.6735
21416.92739391327,3.6720,3.6795,3.6720
21434.944184064865,3.6720,3.6810,3.6735
21452.96071791649,3.6705,3.6810,3.6735
21470.971882104874,3.6705,3.6795,3.6720
21488.988786935806,3.6690,3.6795,3.6720
21507.0008559227,3.6690,3.6780,3.6720
21525.01501607895,3.6675,3.6795,3.6720
21543.028002023697,3.6675,3.6795,3.6720
21561.040350914,3.6675,3.6780,3.6705
21579.060030937195,3.6660,3.6780,3.6705
21597.06986308098,3.6660,3.6765,3.6705
21615.08508205414,3.6660,3.6780,3.6705
21633.099834918976,3.6645,3.6765,3.6705
21651.113933086395,3.6630,3.6765,3.6705
21669.128878116608,3.6615,3.6765,3.6690
21687.1427090168,3.6615,3.6765,3.6690
21705.154860019684,3.6600,3.6750,3.6690
21723.16895508766,3.6600,3.6735,3.6690
21741.181344032288,3.6570,3.6735,3.6690
21759.196002960205,3.6570,3.6735,3.6690
21777.212007045746,3.6555,3.6735,3.6675
21795.22398996353,3.6540,3.6720,3.6675
21813.234477043152,3.6525,3.6705,3.6675
21831.250602960587,3.6510,3.6720,3.6675
21849.267990112305,3.6495,3.6705,3.6660
21867.282763957977,3.6465,3.6705,3.6660
21885.29705810547,3.6465,3.6690,3.6645
21903.307964086533,3.6450,3.6690,3.6660
21921.31795692444,3.6435,3.6675,3.6645
21939.33798599243,3.6405,3.6675,3.6645
21957.35220193863,3.6390,3.6660,3.6630
21975.363981962204,3.6375,3.6645,3.6630
21993.37792801857,3.6345,3.6630,3.6615
22011.39325404167,3.6345,3.6630,3.6615
22029.407757997513,3.6315,3.6615,3.6600
22047.420002937317,3.6300,3.6600,3.6600
22065.437042951584,3.6270,3.6585,3.6585
22083.451096057892,3.6255,3.6555,3.6600
22101.46016407013,3.6240,3.6555,3.6585
22119.476927042007,3.6225,3.6540,3.6570
22137.490684986115,3.6195,3.6510,3.6570
22155.50444293022,3.6180,3.6510,3.6555
22173.52101111412,3.6150,3.6495,3.6525
22191.52755498886,3.6135,3.6480,3.6540
22209.5469789505,3.6120,3.6450,3.6525
22227.561007022858,3.6090,3.6435,3.6495
22245.576164007187,3.6075,3.6420,3.6480
22263.590976953506,3.6060,3.6405,3.6480
22281.605127096176,3.6045,3.6390,3.6465
22299.61598300934,3.6000,3.6360,3.6435
22317.631052017212,3.5985,3.6360,3.6435
22335.6459980011,3.5970,3.6330,3.6405
22353.660196065903,3.5955,3.6315,3.6390
22371.674973011017,3.5925,3.6285,3.6375
22389.682110071182,3.5895,3.6270,3.6360
22407.69779109955,3.5865,3.6255,3.6345
22425.71501493454,3.5850,3.6225,3.6330
22443.73003911972,3.5820,3.6210,3.6315
22461.74490594864,3.5805,3.6195,3.6285
22479.75618505478,3.5775,3.6180,3.6270
22497.77019405365,3.5760,3.6150,3.6255
22515.784712076187,3.5730,3.6135,3.6225
22533.800009012222,3.5700,3.6105,3.6210
22551.814107894897,3.5685,3.6090,3.6195
22569.829130887985,3.5655,3.6075,3.6165
22587.84013390541,3.5625,3.6060,3.6150
22605.850426912308,3.5595,3.6015,3.6135
22623.868932962418,3.5565,3.6000,3.6105
22641.88428902626,3.5550,3.5985,3.6090
22659.89762210846,3.5520,3.5955,3.6075
22677.91276407242,3.5490,3.5940,3.6045
22695.924247980118,3.5475,3.5910,3.6015
22713.939079999924,3.5445,3.5880,3.6000
22731.954165935516,3.5400,3.5850,3.5985
22749.968147993088,3.5385,3.5835,3.5970
22767.98294901848,3.5340,3.5820,3.5940
22785.994303941727,3.5325,3.5775,3.5910
22804.008069992065,3.5280,3.5760,3.5895
22822.022979021072,3.5265,3.5745,3.5880
22840.034931898117,3.5220,3.5715,3.5850
22858.052973985672,3.5190,3.5685,3.5820
22876.065795898438,3.5175,3.5670,3.5805
22894.078426122665,3.5130,3.5640,3.5775
22912.08876299858,3.5100,3.5610,3.5760
22930.106586933136,3.5070,3.5580,3.5730
22948.119534015656,3.5040,3.5565,3.5700
22966.136104106903,3.4995,3.5535,3.5685
22984.14745402336,3.4980,3.5505,3.5655
23002.15847492218,3.4935,3.5460,3.5640
23020.17713189125,3.4905,3.5445,3.5595
23038.192269086838,3.4860,3.5415,3.5595
23056.20623397827,3.4830,3.5400,3.5550
23074.213773965836,3.4785,3.5355,3.5535
23092.23221898079,3.4755,3.5325,3.5505
23110.24730706215,3.4725,3.5295,3.5475
23128.26117706299,3.4680,3.5280,3.5445
23146.27621102333,3.4650,3.5235,3.5415
23164.289999961853,3.4605,3.5205,3.5385
23182.301286935806,3.4560,3.5175,3.5355
23200.311616897583,3.4530,3.5145,3.5340
23218.33125591278,3.4485,3.5115,3.5295
23236.34421491623,3.4440,3.5085,3.5280
23254.36027598381,3.4410,3.5055,3.5250
23272.371997117996,3.4365,3.5010,3.5220
23290.382581949234,3.4320,3.4980,3.5190
23308.401082992554,3.4260,3.4950,3.5160
23326.412023067474,3.4230,3.4905,3.5130
23344.430417060852,3.4185,3.4860,3.5100
23362.44190096855,3.4140,3.4845,3.5070
23380.45434999466,3.4095,3.4800,3.5025
23398.469784021378,3.4035,3.4755,3.4995
23416.480911016464,3.3990,3.4725,3.4965
23434.499937057495,3.3945,3.4695,3.4935
23452.51432991028,3.3885,3.4650,3.4890
23470.527998924255,3.3840,3.4620,3.4860
23488.53688597679,3.3780,3.4590,3.4830
23506.55446791649,3.3720,3.4530,3.4785
23524.569118976593,3.3675,3.4500,3.4755
23542.584208011627,3.3615,3.4455,3.4725
23560.599328041077,3.3555,3.4410,3.4680
23578.612011909485,3.3495,3.4365,3.4650
23596.624017953873,3.3435,3.4320,3.4620
23614.639127969742,3.3375,3.4290,3.4575
23632.654243946075,3.3315,3.4245,3.4530
23650.668462991714,3.3240,3.4185,3.4485
23668.679999113083,3.3180,3.4140,3.4455
23686.696156978607,3.3120,3.4095,3.4410
23704.7083671093,3.3030,3.4050,3.4365
23722.72354197502,3.2955,3.3990,3.4335
23740.738318920135,3.2880,3.3945,3.4290
23758.75051689148,3.2805,3.3900,3.4230
23776.76273393631,3.2730,3.3840,3.4200
23794.77600502968,3.2640,3.3795,3.4155
23812.789479017258,3.2565,3.3735,3.4110
23830.807353019714,3.2475,3.3690,3.4065
23848.822165966034,3.2385,3.3630,3.4005
23866.837414979935,3.2280,3.3570,3.3975
23884.85237789154,3.2190,3.3510,3.3915
23902.859985113144,3.2100,3.3450,3.3870
23920.877464056015,3.1965,3.3390,3.3855
23938.892488002777,3.1965,3.3390,3.3855
23956.904026031494,3.1995,3.3405,3.3870
23974.921498060226,3.1950,3.3390,3.3855
23992.935117959976,3.1995,3.3390,3.3855
24010.943373918533,3.1995,3.3360,3.3840
24028.961388111115,3.1995,3.3360,3.3855
24046.97638607025,3.1995,3.3360,3.3840
24064.991410970688,3.1980,3.3390,3.3840
24083.006383895874,3.1995,3.3375,3.3840
24101.017776966095,3.1980,3.3375,3.3840
24119.03122997284,3.1995,3.3375,3.3840
24137.044527053833,3.1995,3.3345,3.3855
24155.06002306938,3.1995,3.3345,3.3855
24173.072030067444,3.1995,3.3375,3.3855
24191.090503931046,3.1950,3.3375,3.3840
24209.101696014404,3.1980,3.3375,3.3855
24227.112287044525,3.1995,3.3315,3.3855
24245.125667095184,3.1995,3.3360,3.3840
24263.145529031754,3.1995,3.3375,3.3840
24281.159336090088,3.1995,3.3315,3.3825
24299.173533916473,3.1995,3.3360,3.3840
24317.18551301956,3.2010,3.3345,3.3840
24335.198671102524,3.1890,3.3345,3.3840
24353.21021103859,3.1995,3.3315,3.3825
24371.2263610363,3.1995,3.3330,3.3855
24389.24120402336,3.1995,3.3315,3.3840
24407.25448989868,3.1890,3.3345,3.3840
24425.268003940582,3.1995,3.3360,3.3840
24443.284234046936,3.1995,3.3345,3.3840
24461.29844212532,3.1980,3.3345,3.3825
24479.31345295906,3.1980,3.3345,3.3825
24497.326951026917,3.1980,3.3330,3.3840
24515.33949995041,3.1980,3.3345,3.3840
24533.353497982025,3.1890,3.3330,3.3840
24551.368530988693,3.1995,3.3315,3.3825
24569.38351202011,3.2010,3.3315,3.3840
24587.39653611183,3.1995,3.3300,3.3825
24605.40846991539,3.1995,3.3330,3.3810
24623.42180800438,3.1980,3.3315,3.3840
24641.437283039093,3.1980,3.3315,3.3840
24659.453675031662,3.1995,3.3315,3.3825
24677.467184066772,3.1995,3.3300,3.3825
24695.47865509987,3.1995,3.3330,3.3825
24713.491077899933,3.1980,3.3300,3.3840
24731.508656024933,3.1995,3.3315,3.3840
24749.52100610733,3.1995,3.3330,3.3840
24767.53737306595,3.1995,3.3315,3.3840
24785.552809000015,3.1980,3.3315,3.3840
24803.562663078308,3.2010,3.3300,3.3825
24821.57733297348,3.1995,3.3300,3.3810
24839.59268808365,3.1980,3.3300,3.3840
24857.602979898453,3.1980,3.3300,3.3840
24875.621516942978,3.1995,3.3285,3.3825
24893.632210969925,3.1980,3.3300,3.3825
24911.647658109665,3.1980,3.3300,3.3840
24929.662662029266,3.1935,3.3285,3.3840
24947.676485061646,3.1980,3.3300,3.3825
24965.691605091095,3.1980,3.3285,3.3840
24983.70535492897,3.2010,3.3285,3.3840
25001.716003894806,3.1980,3.3285,3.3840
25019.73157811165,3.1980,3.3285,3.3825
25037.746860980988,3.1995,3.3300,3.3825
25055.76149702072,3.1995,3.3285,3.3810
25073.7757461071,3.1980,3.3285,3.3840
25091.781491994858,3.1995,3.3255,3.3840
25109.801593065262,3.1995,3.3285,3.3825
25127.813704013824,3.2010,3.3270,3.3825
25145.83060693741,3.1995,3.3285,3.3810
25163.84505200386,3.1980,3.3270,3.3825
25181.856038093567,3.1995,3.3225,3.3840
25199.870733976364,3.1995,3.3270,3.3840
25217.88574695587,3.1890,3.3270,3.3825
25235.900011062622,3.1980,3.3270,3.3795
25253.91428899765,3.1980,3.3270,3.3840
25271.927153110504,3.1995,3.3270,3.3825
25289.94063591957,3.1995,3.3270,3.3825
25307.952023983,3.1995,3.3240,3.3825
25325.969465970993,3.1980,3.3255,3.3840
25343.984016895294,3.1995,3.3270,3.3825
25361.996243953705,3.1980,3.3255,3.3840
25380.012006044388,3.1995,3.3255,3.3840
25398.024527072906,3.1995,3.3255,3.3825
25416.03543305397,3.1980,3.3240,3.3840
25434.052088975906,3.1995,3.3270,3.3840
25452.068655014038,3.1980,3.3255,3.3840
25470.08302807808,3.1995,3.3255,3.3825
25488.094810009003,3.1995,3.3255,3.3840
25506.109765052795,3.1995,3.3255,3.3855
25524.123697042465,3.1980,3.3240,3.3840
25542.138772964478,3.1995,3.3225,3.3825
25560.153475999832,3.1995,3.3240,3.3840
25578.16767001152,3.1995,3.3255,3.3840
25596.178806066513,3.1980,3.3240,3.3840
25614.193067073822,3.1995,3.3240,3.3840
25632.20800304413,3.1995,3.3240,3.3840
25650.222697019577,3.1995,3.3240,3.3825
25668.23783302307,3.1935,3.3225,3.3840
25686.24505496025,3.1995,3.3240,3.3855
25704.263725996017,3.1995,3.3240,3.3825
25722.277760982513,3.1980,3.3240,3.3855
25740.290257930756,3.1935,3.3225,3.3840
25758.307776927948,3.1995,3.3225,3.3840
25776.321507930756,3.1935,3.3210,3.3840
25794.33268594742,3.1980,3.3225,3.3840
25812.3477499485,3.1920,3.3210,3.3825
25830.360443115234,3.1995,3.3210,3.3840
25848.376899003983,3.1995,3.3240,3.3840
25866.391297101974,3.1935,3.3210,3.3840
25884.402308940887,3.1980,3.3225,3.3810
25902.417692899704,3.1980,3.3225,3.3840
25920.431879997253,3.1995,3.3225,3.3840
25938.445765972137,3.1980,3.3210,3.3840
25956.461620092392,3.1980,3.3210,3.3840
25974.475286006927,3.1995,3.3225,3.3825
25992.486884117126,3.1980,3.3225,3.3840
26010.49998307228,3.1995,3.3225,3.3840
26028.516926050186,3.1980,3.3210,3.3840
26046.5307431221,3.1995,3.3210,3.3840
26064.54400396347,3.1980,3.3195,3.3840
26082.555999994278,3.1980,3.3210,3.3840
26100.568465948105,3.1995,3.3210,3.3840
26118.58556008339,3.1980,3.3210,3.3840
26136.600796937943,3.1995,3.3210,3.3840
26154.616116046906,3.1980,3.3210,3.3840
26172.629548072815,3.1995,3.3210,3.3840
26190.638411045074,3.1995,3.3195,3.3840
26208.655931949615,3.1980,3.3195,3.3825
26226.66818189621,3.1995,3.3195,3.3855
26244.684948921204,3.1980,3.3195,3.3840
26262.69735312462,3.1980,3.3210,3.3840
26280.707988023758,3.1995,3.3165,3.3840
26298.724832057953,3.1980,3.3180,3.3840
26316.73618197441,3.1995,3.3195,3.3840
26334.754832029343,3.1995,3.3180,3.3840
26352.769639968872,3.1995,3.3195,3.3840
26370.78290295601,3.1980,3.3195,3.3840
26388.79502105713,3.1920,3.3180,3.3840
26406.808187007904,3.1980,3.3180,3.3840
26424.824959993362,3.1995,3.3195,3.3840
26442.835959911346,3.1980,3.3195,3.3840
26460.849145889282,3.1995,3.3195,3.3855
26478.862159013748,3.1995,3.3195,3.3840
26496.87915611267,3.1980,3.3180,3.3840
26514.893881082535,3.1995,3.3180,3.3840
26532.908916950226,3.1995,3.3180,3.3840
26550.923156023026,3.1980,3.3180,3.3855
26568.932435035706,3.1980,3.3180,3.3855
26586.94886803627,3.1995,3.3165,3.3840
26604.959961891174,3.1980,3.3180,3.3855
26622.974040031433,3.1980,3.3180,3.3840
26640.99197602272,3.1995,3.3195,3.3840
26659.006983995438,3.1980,3.3180,3.3855
26677.01860499382,3.1995,3.3180,3.3855
26695.03281712532,3.1920,3.3180,3.3840
26713.043308973312,3.1980,3.3165,3.3855
26731.062856912613,3.1980,3.3180,3.3855
26749.07671189308,3.2010,3.3165,3.3855
26767.087954998016,3.1980,3.3180,3.3840
26785.100640058517,3.1995,3.3180,3.3840
26803.113270998,3.1875,3.3165,3.3840
26821.131453037262,3.1980,3.3180,3.3840
26839.14692902565,3.1980,3.3180,3.3855
26857.15617799759,3.1995,3.3180,3.3855
26875.173080921173,3.1980,3.3165,3.3855
26893.18696308136,3.1995,3.3180,3.3855
26911.200361967087,3.1995,3.3165,3.3870
26929.21707510948,3.1995,3.3150,3.3855
26947.230657100677,3.1980,3.3165,3.3855
26965.241794109344,3.1995,3.3165,3.3855
26983.257515907288,3.1965,3.3165,3.3855
27001.269050121307,3.1980,3.3165,3.3855
27019.285972118378,3.1995,3.3180,3.3855
27037.3010430336,3.1995,3.3165,3.3840
27055.307502985,3.1980,3.3165,3.3855
27073.324006080627,3.1995,3.3165,3.3855
27091.340903043747,3.1995,3.3165,3.3855
27109.355844974518,3.1980,3.3150,3.3855
27127.371033906937,3.1980,3.3165,3.3855
27145.37930893898,3.1980,3.3165,3.3870
27163.395826101303,3.1935,3.3165,3.3855
27181.410176038742,3.1980,3.3150,3.3855
27199.42617893219,3.1980,3.3165,3.3855
27217.436089992523,3.1995,3.3135,3.3855
27235.45409798622,3.1980,3.3150,3.3855
27253.464004039764,3.1995,3.3165,3.3855
27271.475796937943,3.1995,3.3165,3.3870
27289.49497795105,3.1995,3.3150,3.3855
27307.510175943375,3.1980,3.3165,3.3855
27325.524859905243,3.1995,3.3165,3.3870
27343.535175085068,3.1995,3.3150,3.3855
27361.549566984177,3.1935,3.3150,3.3855
27379.564090013504,3.1980,3.3150,3.3870
27397.58019709587,3.1995,3.3150,3.3870
27415.592333078384,3.1995,3.3150,3.3825
27433.605031967163,3.1980,3.3150,3.3855
27451.620075941086,3.1995,3.3150,3.3870
27469.632127046585,3.1980,3.3150,3.3870
27487.644618988037,3.1995,3.3150,3.3870
27505.661602973938,3.1980,3.3150,3.3855
27523.675987958908,3.1995,3.3150,3.3855
27541.68564391136,3.1995,3.3150,3.3870
27559.702609062195,3.2010,3.3135,3.3855
27577.7190990448,3.1980,3.3150,3.3870
27595.734085083008,3.1980,3.3150,3.3855
27613.74822807312,3.1995,3.3150,3.3870
27631.758930921555,3.1875,3.3150,3.3870
27649.773920059204,3.1980,3.3135,3.3870
27667.786451101303,3.1980,3.3150,3.3870
27685.802844047546,3.1995,3.3150,3.3870
27703.818120002747,3.1995,3.3120,3.3870
27721.828012943268,3.1980,3.3135,3.3870
27739.843070983887,3.1995,3.3135,3.3885
27757.85515809059,3.1980,3.3150,3.3870
27775.872319936752,3.1935,3.3135,3.3855
27793.887049913406,3.1980,3.3150,3.3870
27811.901215076447,3.1995,3.3135,3.3870
27829.91202402115,3.1995,3.3135,3.3885
27847.927540063858,3.1995,3.3150,3.3825
27865.941986083984,3.1980,3.3135,3.3870
27883.954061985016,3.1980,3.3150,3.3870
27901.972474098206,3.1995,3.3150,3.3885
27919.9831700325,3.1980,3.3150,3.3870
27937.99707388878,3.1980,3.3135,3.3885
27956.012100934982,3.1980,3.3150,3.3885
27974.027220010757,3.1995,3.3135,3.3885
27992.041203022003,3.1995,3.3150,3.3870
28010.054980039597,3.1995,3.3120,3.3870
28028.06211209297,3.1980,3.3120,3.3885
28046.080002069473,3.1980,3.3150,3.3870
28064.096185922623,3.1995,3.3150,3.3885
28082.111135959625,3.1995,3.3150,3.3885
28100.125425100327,3.1875,3.3135,3.3870
28118.13634610176,3.1980,3.3135,3.3870
28136.150949954987,3.1995,3.3135,3.3870
28154.162682056427,3.1980,3.3135,3.3885
28172.176650047302,3.1995,3.3150,3.3885
28190.195243120193,3.1980,3.3135,3.3885
28208.206305980682,3.1980,3.3135,3.3885
28226.221357107162,3.1995,3.3135,3.3885
28244.236227989197,3.1995,3.3135,3.3885
28262.24804711342,3.1875,3.3135,3.3885
28280.265176057816,3.1980,3.3135,3.3885
28298.27928996086,3.1995,3.3135,3.3885
28316.28807091713,3.1995,3.3135,3.3885
28334.30508708954,3.1995,3.3135,3.3900
28352.320372104645,3.1995,3.3135,3.3870
28370.33525300026,3.1980,3.3120,3.3885
28388.344001054764,3.1980,3.3135,3.3885
28406.360280036926,3.1995,3.3150,3.3885
28424.375278949738,3.1995,3.3135,3.3900
28442.389434099197,3.1995,3.3135,3.3885
28460.40410399437,3.1980,3.3135,3.3885
28478.41926908493,3.1995,3.3135,3.3885
28496.428061008453,3.1995,3.3135,3.3900
28514.444037914276,3.1995,3.3120,3.3885
28532.459428071976,3.1965,3.3135,3.3885
28550.474317073822,3.1995,3.3120,3.3885
28568.489348888397,3.1980,3.3120,3.3900
28586.49928998947,3.1995,3.3135,3.3885
28604.514292001724,3.1995,3.3135,3.3900
28622.529361009598,3.1995,3.3090,3.3885
28640.540024995804,3.1980,3.3120,3.3900
28658.558407068253,3.1980,3.3120,3.3900
28676.57201910019,3.1980,3.3120,3.3885
28694.58428812027,3.1995,3.3135,3.3885
28712.593610048294,3.1875,3.3120,3.3900
28730.61313509941,3.1995,3.3135,3.3885
28748.628242969513,3.1980,3.3120,3.3900
28766.642297029495,3.1980,3.3120,3.3900
28784.651987075806,3.1995,3.3120,3.3900
28802.668417930603,3.1995,3.3120,3.3885
28820.683151960373,3.1980,3.3120,3.3900
28838.694561958313,3.1980,3.3120,3.3885
28856.712088108063,3.1980,3.3120,3.3885
28874.721300125122,3.1995,3.3135,3.3900
28892.737375974655,3.1995,3.3120,3.3900
28910.752331972122,3.1995,3.3135,3.3900
28928.76747393608,3.1980,3.3105,3.3900
28946.782521009445,3.1980,3.3120,3.3900
28964.795742034912,3.1995,3.3120,3.3915
28982.80739402771,3.1995,3.3135,3.3900
29000.82218003273,3.1995,3.3120,3.3885
29018.836049079895,3.1980,3.3120,3.3900
29036.851464033127,3.1980,3.3120,3.3900
29054.861726999283,3.1995,3.3120,3.3900
29072.87602996826,3.1980,3.3120,3.3900
29090.887234926224,3.1995,3.3135,3.3915
29108.906192064285,3.1995,3.3120,3.3900
29126.92151594162,3.1965,3.3120,3.3900
29144.93134689331,3.1980,3.3120,3.3900
29162.946235895157,3.1995,3.3120,3.3900
29180.961234092712,3.1980,3.3135,3.3915
29198.976447105408,3.1995,3.3120,3.3915
29216.991297006607,3.1995,3.3135,3.3915
29235.004025936127,3.1980,3.3120,3.3900
29253.016299009323,3.1980,3.3120,3.3900
29271.030611038208,3.1995,3.3105,3.3915
29289.04409790039,3.1995,3.3120,3.3900
29307.060192108154,3.1980,3.3135,3.3915
29325.07274699211,3.1995,3.3135,3.3900
29343.089162111282,3.1965,3.3105,3.3900
29361.100275993347,3.1980,3.3120,3.3915
29379.115468025208,3.1980,3.3105,3.3915
29397.128592967987,3.1995,3.3120,3.3900
29415.14560198784,3.1995,3.3120,3.3915
29433.159569978714,3.1995,3.3120,3.3900
29451.16903591156,3.1965,3.3120,3.3915
29469.185543060303,3.1980,3.3120,3.3915
29487.198965072632,3.1980,3.3120,3.3915
29505.213786125183,3.1995,3.3120,3.3915
29523.229501008987,3.1995,3.3120,3.3930
29541.24314403534,3.1995,3.3120,3.3930
29559.254420042038,3.1995,3.3120,3.3915
29577.268007993698,3.1935,3.3105,3.3915
29595.284344911575,3.1995,3.3120,3.3915
29613.299508094788,3.1980,3.3120,3.3930
29631.312251091003,3.1995,3.3105,3.3915
29649.322704076767,3.1995,3.3120,3.3915
29667.338786125183,3.1995,3.3135,3.3930
29685.352931022644,3.2010,3.3105,3.3930
29703.36799097061,3.1980,3.3105,3.3930
29721.38049507141,3.1980,3.3120,3.3915
29739.38978791237,3.1980,3.3120,3.3930
29757.408523082733,3.1995,3.3120,3.3915
29775.421888113022,3.1995,3.3120,3.3930
29793.438050985336,3.1995,3.3135,3.3915
29811.451698064804,3.1980,3.3105,3.3930
29829.4662630558,3.1980,3.3105,3.3930
29847.478178977966,3.1980,3.3120,3.3930
29865.493599891663,3.1980,3.3120,3.3930
29883.505188941956,3.1980,3.3135,3.3930
29901.520098924637,3.1995,3.3105,3.3930
