Time (sec),Cell0 (V),Cell1 (V),Cell2 (V),Percentage
23.8167791367,4.1085,4.1115,4.0935,100
47.8401100636,4.107,4.1115,4.0905,99.7793
71.8583421707,4.1175,4.104,4.089,99.4549
95.8870680332,4.1145,4.1025,4.0695,99.1624
119.9090430737,4.0665,4.0725,4.0665,98.7748
143.9320189953,4.065,4.071,4.065,98.7156
167.9519221783,4.0635,4.0695,4.0635,98.6011
191.9771430492,4.062,4.0695,4.062,98.4392
216.0010809898,4.062,4.068,4.062,98.4392
240.0230550766,4.0605,4.068,4.0605,98.3369
264.0451509953,4.0605,4.0665,4.062,98.2388
288.0636820793,4.059,4.0665,4.059,98.1913
312.0864131451,4.0575,4.065,4.059,98.0541
336.1099061966,4.056,4.065,4.059,97.9668
360.1349611282,4.056,4.062,4.0575,97.8824
384.1567389965,4.0545,4.0605,4.056,97.8006
408.1799190044,4.053,4.0605,4.0545,97.7214
432.2004752159,4.0515,4.059,4.0545,97.6063
456.2249941826,4.05,4.059,4.053,97.5317
480.2479121685,4.047,4.0575,4.0515,97.4225
504.2702860832,4.047,4.0545,4.0515,97.316
528.2927331924,4.0455,4.053,4.05,97.1077
552.3157939911,4.0425,4.0515,4.0485,97.0734
576.3368210793,4.041,4.0485,4.0485,96.9704
600.3621571064,4.0395,4.0485,4.0455,96.8326
624.384237051,4.0365,4.0455,4.0455,96.6931
648.4047970772,4.0335,4.044,4.0425,96.5869
672.4292321205,4.032,4.041,4.041,96.3306
696.4503071308,4.0305,4.038,4.041,96.2163
720.4741811752,4.0275,4.0365,4.0395,96.0989
744.4962542057,4.026,4.035,4.0365,95.8957
768.519146204,4.023,4.032,4.035,95.7688
792.5411891937,4.02,4.0305,4.032,95.5029
816.5632610321,4.0185,4.0275,4.0305,95.3163
840.5852789879,4.0155,4.026,4.0275,95.072
864.6081860065,4.014,4.0245,4.026,94.8151
888.630808115,4.0125,4.02,4.023,94.5453
912.6515340805,4.0095,4.02,4.0215,94.3774
936.6742751598,4.008,4.017,4.0185,94.1461
960.6962811947,4.0065,4.0155,4.017,93.9067
984.7164340019,4.005,4.014,4.014,93.6592
1008.7422130108,4.002,4.011,4.011,93.4039
1032.7642290592,4.002,4.0095,4.0095,93.2733
1056.7833640575,3.999,4.008,4.008,93.0065
1080.8073070049,3.9975,4.005,4.005,92.7323
1104.8293190003,3.996,4.005,4.0035,92.4509
1128.851318121,3.9945,4.002,4.0005,92.3077
1152.8752200604,3.9945,4.002,3.999,92.0163
1176.8972489834,3.9915,4.0005,3.9975,91.7935
1200.9182901383,3.99,3.999,3.996,91.5673
1224.9403281212,3.99,3.9975,3.9945,91.2606
1248.9623320103,3.9885,3.996,3.993,91.1831
1272.9862451553,3.987,3.9945,3.99,90.8697
1297.0072770119,3.987,3.993,3.9885,90.711
1321.0292921066,3.984,3.9915,3.987,90.5512
1345.0513641834,3.984,3.99,3.987,90.3902
1369.0733652115,3.9825,3.99,3.9855,89.9828
1393.0953631401,3.981,3.9885,3.9825,89.8181
1417.1192719936,3.9795,3.987,3.981,89.7354
1441.1402981281,3.978,3.9855,3.981,89.5693
1465.1633272171,3.978,3.9855,3.9795,89.1502
1489.1853392124,3.9765,3.9825,3.9795,89.1502
1513.2063779831,3.9765,3.9825,3.9765,88.9812
1537.2283921242,3.975,3.9825,3.9765,88.7263
1561.2513041496,3.975,3.981,3.975,88.4701
1585.2743241787,3.9735,3.9795,3.9735,88.3843
1609.2922830582,3.972,3.9795,3.972,88.2984
1633.3159160614,3.9705,3.978,3.972,88.1263
1657.3394081593,3.9705,3.9765,3.9705,87.9536
1681.361426115,3.9705,3.9765,3.969,87.7805
1705.383436203,3.969,3.9765,3.969,87.607
1729.4063310623,3.9675,3.975,3.969,87.5201
1753.4283452034,3.9675,3.9735,3.966,87.3461
1777.4513700008,3.9675,3.972,3.966,87.259
1801.4704840183,3.9675,3.972,3.9645,86.9971
1825.4944450855,3.966,3.972,3.963,87.0845
1849.5164470673,3.966,3.9705,3.963,86.9097
1873.5384662151,3.9645,3.969,3.9615,86.7347
1897.5613679886,3.963,3.969,3.9615,86.472
1921.5833950043,3.963,3.969,3.96,86.472
1945.6023361683,3.963,3.969,3.96,86.3843
1969.6284351349,3.9615,3.9675,3.9585,86.209
1993.6478641033,3.9615,3.966,3.957,86.1212
2017.671487093,3.96,3.966,3.957,86.0335
2041.6914880276,3.96,3.9645,3.9555,85.9458
2065.7154860497,3.96,3.9645,3.9555,85.6826
2089.7342810631,3.9585,3.9645,3.9555,85.6826
2113.760433197,3.9585,3.9645,3.954,85.5071
2137.782004118,3.9585,3.963,3.954,85.5071
2161.8054590225,3.957,3.963,3.954,85.3317
2185.8256649971,3.9555,3.9615,3.9525,84.9812
2209.8485181332,3.9555,3.9615,3.9525,85.0688
2233.8703200817,3.954,3.96,3.951,84.9812
2257.8925290108,3.954,3.9585,3.951,84.8936
2281.9141612053,3.954,3.96,3.951,84.5439
2305.9384460449,3.9525,3.9585,3.9495,84.5439
2329.9604640007,3.9525,3.957,3.948,84.6313
2353.9824771881,3.9525,3.9555,3.948,84.3692
2378.0044901371,3.951,3.957,3.948,84.1948
2402.0255081654,3.951,3.9555,3.9465,84.0207
2426.0485169888,3.9495,3.9555,3.945,84.0207
2450.0705301762,3.951,3.9555,3.9465,83.8468
2474.091573,3.9495,3.954,3.945,83.8468
2498.1102662087,3.948,3.9525,3.945,83.6732
2522.1356010437,3.948,3.9525,3.9435,83.6732
2546.1575980187,3.9465,3.951,3.9435,83.4133
2570.175932169,3.9465,3.951,3.942,83.4133
2594.2015872002,3.9465,3.9495,3.9405,83.1542
2618.2236070633,3.945,3.948,3.939,83.0679
2642.2456161976,3.945,3.948,3.939,82.9818
2666.2676270008,3.9435,3.948,3.939,82.8957
2690.289632082,3.942,3.9465,3.939,82.7239
2714.3097820282,3.942,3.9465,3.9375,82.5525
2738.3336369991,3.9405,3.945,3.936,82.3813
2762.3506960869,3.9405,3.945,3.936,82.2106
2786.3776421547,3.939,3.9435,3.936,82.2106
2810.3996400833,3.939,3.9435,3.9345,82.0403
2834.4216661453,3.9375,3.942,3.933,81.9552
2858.4445660114,3.936,3.9405,3.933,81.7007
2882.4651861191,3.936,3.9405,3.9315,81.5315
2906.4885621071,3.9345,3.939,3.93,81.4471
2930.5096781254,3.9345,3.9375,3.9285,81.3627
2954.5316791535,3.9345,3.9375,3.9285,81.1943
2978.5520341396,3.933,3.9375,3.9285,80.9424
3002.5757021904,3.9315,3.936,3.927,80.8586
3026.5929830074,3.9315,3.9345,3.927,80.6913
3050.6159071922,3.93,3.9345,3.9255,80.5243
3074.6416480541,3.93,3.9345,3.9255,80.3578
3098.6639351845,3.9285,3.9315,3.924,80.3578
3122.6866140366,3.9285,3.9315,3.9225,80.0257
3146.7058131695,3.927,3.9315,3.921,79.9428
3170.7287180424,3.9255,3.93,3.921,79.6949
3194.7507381439,3.9255,3.9285,3.9195,79.6124
3218.7727210522,3.924,3.9285,3.9195,79.4475
3242.7947471142,3.924,3.927,3.918,79.3652
3266.8176901341,3.9225,3.927,3.9165,79.1187
3290.8396821022,3.9225,3.9255,3.915,79.1187
3314.8579361439,3.921,3.924,3.915,78.9547
3338.8826692104,3.9195,3.9225,3.9135,78.709
3362.9056520462,3.9195,3.924,3.9135,78.4637
3386.9266600609,3.918,3.9225,3.912,78.4637
3410.9477801323,3.9165,3.921,3.912,78.3821
3434.9676280022,3.9165,3.9195,3.9105,78.1373
3458.9917800427,3.9165,3.9195,3.909,78.0556
3483.0137960911,3.915,3.9195,3.9075,77.8111
3507.0357952118,3.9135,3.9165,3.9075,77.6482
3531.0566670895,3.912,3.9165,3.9075,77.5667
3555.079788208,3.912,3.915,3.906,77.4038
3579.1018021107,3.9105,3.915,3.9045,77.2408
3603.1199212074,3.909,3.915,3.903,77.1593
3627.1458201408,3.909,3.9135,3.903,76.9962
3651.1678211689,3.909,3.912,3.903,76.9147
3675.1898121834,3.9075,3.9105,3.9015,76.5881
3699.2118492127,3.9075,3.9105,3.9,76.5881
3723.2347831726,3.906,3.9105,3.9,76.5064
3747.2557711601,3.9045,3.909,3.8985,76.1788
3771.2774481773,3.903,3.9075,3.897,76.0147
3795.300768137,3.9015,3.906,3.8955,75.9325
3819.3227760792,3.903,3.906,3.8955,75.7678
3843.3439130783,3.9,3.9045,3.894,75.6028
3867.3657660484,3.9,3.9045,3.8925,75.5202
3891.3887560368,3.9,3.903,3.8925,75.4374
3915.4107601643,3.8985,3.9015,3.8925,75.0219
3939.4308722019,3.8985,3.9015,3.891,74.9385
3963.4528830052,3.897,3.9,3.891,74.9384
3987.4748680592,3.8955,3.9,3.8895,74.6871
4011.4931612015,3.894,3.8985,3.888,74.6031
4035.5188901424,3.894,3.897,3.888,74.4345
4059.5402810574,3.8925,3.897,3.885,74.3499
4083.5629060268,3.8925,3.8955,3.885,74.0099
4107.5849261284,3.8925,3.8955,3.885,74.0099
4131.6069071293,3.8895,3.8925,3.8835,73.8387
4155.6289350987,3.8895,3.8925,3.8835,73.7528
4179.6467840672,3.8895,3.8925,3.8805,73.4939
4203.6694071293,3.888,3.8925,3.882,73.4071
4227.6914579868,3.888,3.891,3.8805,73.2328
4251.7139871121,3.885,3.888,3.879,72.9697
4275.7363681793,3.885,3.8895,3.8775,72.9697
4299.7585391998,3.8835,3.888,3.8775,72.7929
4323.7809710503,3.882,3.885,3.8775,72.5258
4347.7999770641,3.8835,3.885,3.8745,72.4362
4371.8232572079,3.882,3.885,3.8745,72.256
4395.8465111256,3.8805,3.8835,3.8745,72.1655
4419.8691852093,3.8805,3.8835,3.873,71.8922
4443.8916580677,3.879,3.882,3.873,71.8004
4467.9143891335,3.8775,3.882,3.8715,71.6159
4491.936989069,3.8775,3.8805,3.8715,71.5232
4515.9549160004,3.876,3.879,3.87,71.43
4539.9809980393,3.876,3.8775,3.8685,71.2428
4564.0029511452,3.8745,3.879,3.8685,71.0541
4588.0259370804,3.8745,3.8775,3.8685,70.9592
4612.0468111038,3.8715,3.8775,3.867,70.6722
4636.069931984,3.8715,3.876,3.867,70.5758
4660.0909202099,3.8715,3.8745,3.8655,70.4789
4684.1119070053,3.87,3.873,3.8655,70.3818
4708.1349360943,3.87,3.873,3.864,70.0876
4732.1569240093,3.8685,3.873,3.864,69.9888
4756.1780381203,3.8685,3.8715,3.8625,69.8895
4780.2000420094,3.867,3.8715,3.8625,69.7897
4804.2220330238,3.867,3.87,3.8595,69.3865
4828.2398290634,3.8655,3.87,3.861,69.3865
4852.2645452023,3.8655,3.8685,3.858,69.1821
4876.2831799984,3.864,3.8685,3.858,69.1821
4900.3100540638,3.864,3.867,3.858,68.8721
4924.3320491314,3.864,3.8655,3.8565,68.6632
4948.3540542126,3.8625,3.8655,3.8565,68.5579
4972.377035141,3.861,3.8655,3.855,68.5579
4996.3948550224,3.861,3.864,3.855,68.346
5020.4200379849,3.8595,3.864,3.855,68.132
5044.4386620522,3.858,3.864,3.8535,68.0244
5068.4640491009,3.8595,3.861,3.8535,67.8074
5092.4833910465,3.858,3.861,3.852,67.6981
5116.5080420971,3.8565,3.861,3.8505,67.5884
5140.5291030407,3.8565,3.861,3.8505,67.4781
5164.5519120693,3.855,3.8595,3.8505,67.3672
5188.5740561485,3.855,3.8595,3.8505,67.2559
5212.5970621109,3.8535,3.858,3.849,66.9186
5236.6153380871,3.8535,3.8565,3.849,66.8051
5260.6410460472,3.8535,3.8565,3.846,66.691
5284.6585841179,3.8535,3.8565,3.8475,66.3455
5308.6840422154,3.852,3.855,3.846,66.2293
5332.7046461105,3.8505,3.855,3.846,66.2293
5356.7271339893,3.8505,3.855,3.846,65.995
5380.7491362095,3.8505,3.852,3.8445,65.995
5404.7679080963,3.849,3.8535,3.8445,65.877
5428.7931830883,3.849,3.852,3.843,65.5195
5452.8161230087,3.849,3.852,3.843,65.3993
5476.838103056,3.8475,3.8505,3.8415,65.1569
5500.8591201305,3.846,3.8505,3.8415,65.0349
5524.8807940483,3.846,3.8505,3.84,65.0349
5548.9041061401,3.846,3.849,3.8415,64.9122
5572.9251141548,3.8445,3.849,3.84,64.6651
5596.9472241402,3.843,3.8475,3.8385,64.4157
5620.9691140652,3.8445,3.8475,3.8385,64.2901
5644.9916470051,3.843,3.8475,3.8385,64.4157
5669.0131120682,3.843,3.846,3.837,64.037
5693.0318000317,3.8415,3.846,3.8355,63.7814
5717.0562231541,3.84,3.8445,3.8355,63.7814
5741.0741651058,3.8415,3.846,3.834,63.6528
5765.1002161503,3.8415,3.8445,3.834,63.6528
5789.1222150326,3.84,3.8445,3.834,63.5235
5813.1438100338,3.8385,3.843,3.8325,63.2631
5837.1647820473,3.8385,3.8415,3.8325,63.132
5861.1866981983,3.8385,3.8415,3.8325,62.8679
5885.2076861858,3.8385,3.8415,3.831,62.735
5909.2289850712,3.8355,3.8415,3.831,62.4672
5933.250701189,3.8355,3.84,3.831,62.4672
5957.2772090435,3.8355,3.84,3.831,62.3324
5981.2982141972,3.8355,3.8385,3.828,61.9242
6005.3159160614,3.834,3.8385,3.828,61.9242
6029.3432071209,3.834,3.837,3.8295,61.7869
6053.3631050587,3.8325,3.837,3.828,61.649
6077.3872020245,3.8325,3.837,3.8265,61.649
6101.4081931114,3.831,3.837,3.8265,61.5104
6125.4241490364,3.8325,3.834,3.825,60.95
6149.4465420246,3.831,3.8355,3.825,60.95
6173.4692890644,3.831,3.8355,3.825,60.8083
6197.4901661873,3.8295,3.834,3.825,60.6661
6221.5143530369,3.831,3.834,3.8235,60.8083
6245.5332291126,3.8295,3.8325,3.8235,60.2356
6269.5583209992,3.828,3.831,3.822,60.3797
6293.5776371956,3.828,3.8325,3.822,60.0908
6317.6023280621,3.828,3.831,3.822,60.0909
6341.62433815,3.828,3.831,3.8205,59.7996
6365.6443870068,3.8265,3.8295,3.8205,59.5058
6389.668348074,3.8265,3.8295,3.8205,59.5058
6413.6903669834,3.8265,3.8295,3.819,59.5058
6437.7110509873,3.825,3.8295,3.819,59.2095
6461.7327210903,3.8235,3.8295,3.819,58.9109
6485.7523930073,3.825,3.828,3.819,58.7606
6509.7783751488,3.822,3.8265,3.8175,58.6098
6533.8003380299,3.8235,3.8265,3.8175,58.6098
6557.821491003,3.822,3.8265,3.816,58.6098
6581.8443300724,3.822,3.8265,3.816,58.3064
6605.8673291206,3.8205,3.825,3.816,58.1537
6629.8893280029,3.8205,3.825,3.8145,58.1537
6653.910326004,3.8205,3.8235,3.8145,57.6923
6677.9323210716,3.819,3.8235,3.8145,57.6923
6701.9553132057,3.819,3.8235,3.813,57.6923
6725.9759111405,3.819,3.822,3.813,57.2256
6749.9993209839,3.8175,3.822,3.813,57.2256
6774.0203311443,3.8175,3.822,3.813,57.2255
6798.0433411598,3.8175,3.8205,3.813,56.9117
6822.0639162064,3.816,3.8205,3.8115,56.7537
6846.0873610973,3.8175,3.8205,3.8115,56.5953
6870.1083672047,3.8175,3.8205,3.8115,56.7537
6894.127915144,3.816,3.8205,3.81,56.4362
6918.1501321793,3.816,3.819,3.81,56.2768
6942.1753690243,3.8145,3.819,3.8085,56.1166
6966.1973741055,3.8145,3.819,3.8085,56.1166
6990.2173080444,3.813,3.8175,3.8085,55.9559
7014.2413861752,3.8145,3.8175,3.8085,55.7947
7038.2623870373,3.8145,3.8175,3.8085,55.4706
7062.2827930451,3.813,3.8175,3.807,55.4706
7086.3073971272,3.813,3.816,3.807,55.1444
7110.3293910027,3.8115,3.816,3.807,55.3077
7134.3484671116,3.8115,3.816,3.8055,54.9805
7158.3715090752,3.8115,3.8145,3.8055,54.9805
7182.393501997,3.81,3.8145,3.8055,54.651
7206.41548419,3.8115,3.8145,3.804,54.3195
7230.4375090599,3.81,3.813,3.804,54.3195
7254.4595370293,3.81,3.8115,3.804,54.3195
7278.4815280438,3.8085,3.813,3.8025,54.153
7302.5035221577,3.8085,3.8115,3.8025,53.8185
7326.5264890194,3.8085,3.8115,3.801,53.986
7350.5447051525,3.8085,3.8115,3.8025,53.8185
7374.5695500374,3.807,3.8115,3.8025,53.482
7398.5915431976,3.807,3.81,3.801,53.3131
7422.6135571003,3.8055,3.81,3.7995,53.1438
7446.6355571747,3.8055,3.81,3.7995,53.1438
7470.6575610638,3.807,3.8085,3.7995,52.9737
7494.6773660183,3.8055,3.8085,3.7995,53.1437
7518.7015631199,3.8055,3.8085,3.798,52.8034
7542.7235741615,3.804,3.8085,3.7995,52.6326
7566.7455790043,3.804,3.8085,3.798,52.4613
7590.7675881386,3.804,3.807,3.798,52.4613
7614.7890729904,3.804,3.8055,3.798,52.2895
7638.8115971088,3.8025,3.8055,3.7965,52.2895
7662.8325750828,3.8025,3.8055,3.7965,51.9447
7686.8506641388,3.8025,3.807,3.7965,51.7716
7710.8742702007,3.8025,3.8055,3.7965,51.7716
7734.8990921974,3.801,3.8055,3.795,51.7716
7758.921610117,3.801,3.8055,3.795,51.5983
7782.9436180592,3.7995,3.8055,3.795,51.25
7806.9656350613,3.801,3.804,3.795,51.0753
7830.9876220226,3.7995,3.804,3.795,51.0753
7855.0096540451,3.801,3.804,3.7935,50.7247
7879.0316510201,3.7995,3.804,3.792,50.7247
7903.0536420345,3.7995,3.8025,3.792,50.9002
7927.0756511688,3.7995,3.8025,3.792,50.7247
7951.0955901146,3.798,3.801,3.7935,50.1958
7975.1196100712,3.798,3.801,3.792,50.5488
7999.1426110268,3.7965,3.801,3.792,50.1958
8023.1636140347,3.798,3.801,3.7905,50.0188
8047.1856122017,3.7965,3.801,3.789,49.6638
8071.2076060772,3.7965,3.7995,3.7905,49.8416
8095.2273280621,3.795,3.7995,3.7905,49.4858
8119.2526021004,3.795,3.798,3.789,49.4858
8143.2715830803,3.795,3.7995,3.789,49.4858
8167.2963740826,3.795,3.798,3.7875,49.3074
8191.3186039925,3.795,3.7995,3.7875,49.1287
8215.3381071091,3.7935,3.798,3.786,49.1287
8239.3581330776,3.795,3.798,3.7875,48.7703
8263.3801651001,3.7935,3.798,3.7875,48.9497
8287.4047369957,3.7935,3.798,3.7875,48.5907
8311.4267179966,3.7935,3.7965,3.786,48.5907
8335.4464871883,3.7935,3.7965,3.786,48.2304
8359.4707291126,3.792,3.7965,3.7845,48.4107
8383.4927411079,3.7935,3.7965,3.786,48.4107
8407.5147461891,3.792,3.795,3.7845,48.0499
8431.5345900059,3.7905,3.795,3.7845,48.0499
8455.5587580204,3.792,3.795,3.7845,47.688
8479.5774161816,3.7905,3.795,3.7845,47.8691
8503.6027681828,3.7905,3.7935,3.7845,47.8691
8527.6205670834,3.7905,3.7935,3.783,47.1433
8551.6477301121,3.789,3.795,3.783,47.3251
8575.6687390804,3.789,3.7935,3.783,47.3251
8599.687317133,3.789,3.7935,3.7815,46.9613
8623.712733984,3.789,3.7935,3.7815,46.9613
8647.734596014,3.789,3.792,3.7815,46.9613
8671.7559411526,3.789,3.792,3.78,46.779
8695.775935173,3.7875,3.792,3.7815,46.5965
8719.8017091751,3.7875,3.792,3.78,46.2308
8743.8218181133,3.7875,3.792,3.7815,46.4138
8767.8438131809,3.786,3.7905,3.7785,45.8646
8791.8658051491,3.786,3.7905,3.78,46.0477
8815.8878221512,3.786,3.789,3.7785,46.2308
8839.9090931416,3.786,3.789,3.777,45.681
8863.9281020165,3.786,3.789,3.7785,45.6811
8887.9548001289,3.7845,3.7875,3.777,45.8646
8911.9762201309,3.7845,3.7875,3.777,45.6811
8935.9987950325,3.7845,3.7875,3.777,45.4975
8960.0181791782,3.7845,3.789,3.777,45.3137
8984.0427570343,3.783,3.7875,3.777,44.9458
9008.0610470772,3.783,3.7875,3.777,45.1297
9032.0858120918,3.783,3.7875,3.777,44.9458
9056.1087679863,3.783,3.786,3.7755,44.3928
9080.130833149,3.783,3.786,3.7755,44.5773
9104.149679184,3.783,3.786,3.774,44.5773
9128.1731221676,3.7815,3.786,3.774,44.5773
9152.1947581768,3.783,3.786,3.774,44.3928
9176.2178900242,3.7815,3.7845,3.774,43.839
9200.2389349938,3.78,3.7845,3.774,44.2083
9224.2619080544,3.78,3.7845,3.774,43.839
9248.2831850052,3.78,3.7845,3.7725,44.2083
9272.3059201241,3.78,3.7845,3.7725,43.839
9296.3279340267,3.78,3.7845,3.7725,43.6542
9320.3499360085,3.7785,3.7815,3.771,43.839
9344.3719241619,3.78,3.783,3.771,43.2846
9368.3892030716,3.7785,3.783,3.7695,43.2846
9392.4159340859,3.7785,3.783,3.771,43.0996
9416.4354782105,3.7785,3.783,3.771,43.0996
9440.4599351883,3.777,3.783,3.7695,42.9146
9464.4808621407,3.7785,3.7815,3.7695,42.9146
9488.5039720535,3.7785,3.7815,3.7695,42.7296
9512.5259561539,3.777,3.7815,3.768,42.5446
9536.547973156,3.777,3.7815,3.7695,42.5446
9560.5670030117,3.777,3.78,3.768,42.1745
9584.5919940472,3.7755,3.78,3.768,42.3597
9608.6100890637,3.777,3.78,3.768,42.3597
9632.6359760761,3.777,3.78,3.768,41.9896
9656.6557149887,3.7755,3.78,3.7665,41.9896
9680.6799890995,3.7755,3.777,3.7665,41.8045
9704.7029051781,3.7755,3.7785,3.7665,41.8045
9728.7259070873,3.774,3.7785,3.7665,41.6196
9752.747905016,3.774,3.777,3.765,41.4345
9776.7689321041,3.774,3.777,3.765,41.4345
9800.7894082069,3.7725,3.7755,3.765,41.2498
9824.8120419979,3.7725,3.7755,3.765,40.8803
9848.8340551853,3.7725,3.777,3.765,41.0649
9872.8538310528,3.7725,3.7755,3.7635,40.6956
9896.8780431748,3.7725,3.7755,3.7635,40.6956
9920.9000680447,3.771,3.7755,3.7635,40.3265
9944.9229490757,3.7725,3.7755,3.7635,40.511
9968.9440732002,3.771,3.774,3.762,40.511
9992.9660661221,3.771,3.774,3.762,40.1421
10016.9880931377,3.771,3.774,3.762,40.1421
10041.0050899982,3.7695,3.774,3.7605,39.9579
10065.0320780277,3.771,3.774,3.7605,39.7737
10089.0499901772,3.7695,3.7725,3.7605,39.5897
10113.0760941505,3.7695,3.7725,3.759,39.4059
10137.093129158,3.768,3.7725,3.7605,39.4058
10161.1200950146,3.768,3.771,3.7605,39.0387
10185.1391150951,3.768,3.771,3.7575,39.0387
10209.1611301899,3.768,3.771,3.759,38.8553
10233.1861290932,3.768,3.771,3.759,38.4891
10257.2090730667,3.768,3.7695,3.7575,38.6721
10281.2300670147,3.768,3.7695,3.7575,38.4891
10305.2530720234,3.7665,3.7695,3.7575,38.3063
10329.2740750313,3.765,3.7695,3.756,38.1239
10353.2922279835,3.765,3.768,3.756,38.1239
10377.3159141541,3.765,3.768,3.756,37.9414
10401.3400650024,3.765,3.768,3.756,37.7594
10425.3620781899,3.765,3.768,3.7545,37.7594
10449.3839380741,3.7635,3.7665,3.753,37.3959
10473.4052841663,3.7635,3.7665,3.7545,37.2145
10497.4280831814,3.7635,3.7665,3.7545,37.0335
10521.4510710239,3.762,3.765,3.7545,37.2145
10545.4720861912,3.7635,3.765,3.753,36.6722
10569.4940710068,3.762,3.7635,3.753,36.6722
10593.5160691738,3.762,3.765,3.753,36.312
10617.5371820927,3.7605,3.765,3.753,36.312
10641.5591821671,3.7605,3.762,3.7515,36.312
10665.581179142,3.7605,3.7635,3.75,35.7741
10689.603205204,3.759,3.762,3.75,35.9531
10713.6214020252,3.759,3.762,3.75,35.5955
10737.6472041607,3.759,3.762,3.75,35.7741
10761.6692202091,3.759,3.7605,3.75,35.0619
10785.6921720505,3.7575,3.7605,3.7485,35.4172
10809.7141621113,3.7575,3.759,3.7485,35.2393
10833.7351551056,3.7575,3.7605,3.7485,34.8847
10857.7571570873,3.756,3.759,3.747,34.7079
10881.775454998,3.756,3.7575,3.747,34.7079
10905.80114007,3.756,3.7575,3.747,34.7079
10929.8222432137,3.756,3.7575,3.747,34.5315
10953.8398840427,3.756,3.7575,3.747,34.1799
10977.8642811775,3.7545,3.7575,3.744,33.83
11001.8882460594,3.753,3.7575,3.7455,33.6558
11025.9102621079,3.7545,3.756,3.744,33.6558
11049.932267189,3.753,3.756,3.744,33.6558
11073.9518930912,3.753,3.7545,3.744,33.3085
11097.9763021469,3.753,3.756,3.744,33.3085
11121.9982571602,3.7515,3.7545,3.744,33.1357
11146.0202741623,3.7515,3.7545,3.741,32.9632
11170.0422861576,3.7515,3.753,3.741,32.6196
11194.0642971992,3.75,3.753,3.741,32.7912
11218.0851860046,3.75,3.753,3.741,32.4485
11242.1061241627,3.75,3.7515,3.7395,32.278
11266.1299300194,3.75,3.7515,3.7395,32.1079
11290.1513152123,3.7485,3.7515,3.7395,32.1079
11314.1723401546,3.7485,3.7515,3.7395,31.7693
11338.1940090656,3.747,3.7515,3.7395,31.6007
11362.2152822018,3.747,3.75,3.738,31.4327
11386.2363791466,3.747,3.75,3.7365,31.4327
11410.2584609985,3.7455,3.7485,3.738,31.4327
11434.2823710442,3.7455,3.7485,3.7365,31.0984
11458.3043231964,3.7455,3.7485,3.7365,31.0984
11482.3258481026,3.7455,3.7485,3.7365,30.6008
11506.3468770981,3.744,3.747,3.7365,30.6008
11530.3681061268,3.744,3.7455,3.735,30.6008
11554.3896551132,3.744,3.747,3.735,30.4361
11578.4163241386,3.744,3.7455,3.7335,30.4361
11602.437319994,3.7425,3.7455,3.735,30.1083
11626.460324049,3.7425,3.744,3.7335,29.9452
11650.4813210964,3.7425,3.744,3.732,30.1083
11674.5033061504,3.741,3.744,3.732,29.6209
11698.5252950191,3.741,3.744,3.732,29.4596
11722.5442800522,3.7395,3.744,3.732,29.4596
11746.5683979988,3.7395,3.744,3.732,29.1388
11770.5904061794,3.7395,3.7425,3.7305,29.2989
11794.6124022007,3.7395,3.7425,3.7305,28.9793
11818.6353721619,3.7395,3.7425,3.7305,28.9793
11842.6563591957,3.7395,3.7425,3.7305,28.8203
11866.6743950844,3.738,3.741,3.7305,28.9793
11890.7003381252,3.738,3.741,3.729,28.662
11914.721446991,3.7365,3.7395,3.7305,28.3471
11938.743473053,3.7365,3.741,3.729,28.3471
11962.7654061317,3.735,3.7395,3.729,28.3471
11986.7883841991,3.7365,3.7395,3.729,28.1906
12010.8103821278,3.735,3.7395,3.7275,28.0347
12034.8269131184,3.7365,3.7395,3.7275,28.0347
12058.8498091698,3.735,3.738,3.7275,27.8794
12082.8721601963,3.735,3.7395,3.7275,27.7247
12106.8950951099,3.735,3.7395,3.7275,27.8794
12130.9177441597,3.7335,3.738,3.726,27.5707
12154.9401102066,3.7335,3.738,3.726,27.7248
12178.9614901543,3.7335,3.738,3.726,27.4172
12202.9792821407,3.7335,3.738,3.726,27.4172
12227.0054891109,3.732,3.7365,3.7245,27.2643
12251.0275061131,3.732,3.7365,3.7245,27.1121
12275.0494480133,3.7335,3.7365,3.7245,27.1121
12299.0724351406,3.732,3.735,3.7245,27.1121
12323.0921080112,3.7305,3.735,3.7245,26.8096
12347.1145100594,3.732,3.735,3.7245,26.8096
12371.1359350681,3.732,3.735,3.723,26.5094
12395.1585161686,3.7305,3.735,3.723,26.6591
12419.1805400848,3.7305,3.7335,3.723,26.6591
12443.2034811974,3.7305,3.7335,3.7215,26.3601
12467.2244820595,3.7305,3.7335,3.7215,26.3601
12491.2474770546,3.729,3.7335,3.7215,26.2116
12515.268445015,3.729,3.7335,3.72,26.2116
12539.2871510983,3.729,3.732,3.72,26.0637
12563.3115642071,3.7275,3.732,3.7215,25.9164
12587.3335900307,3.729,3.7305,3.72,25.6235
12611.3555831909,3.729,3.732,3.72,25.478
12635.3785290718,3.729,3.732,3.7185,25.478
12659.4005141258,3.7275,3.7305,3.72,25.478
12683.4224991798,3.726,3.7305,3.7185,25.478
12707.4434971809,3.726,3.7305,3.7185,25.1887
12731.4655041695,3.726,3.729,3.717,25.1887
12755.4875030518,3.7245,3.7305,3.7155,25.0449
12779.5095121861,3.726,3.729,3.717,24.9017
12803.5315241814,3.726,3.729,3.7155,24.617
12827.5524702072,3.726,3.729,3.7155,24.617
12851.5755472183,3.7245,3.7275,3.7155,24.759
12875.5941650867,3.7245,3.7275,3.7155,24.4755
12899.6182160378,3.723,3.726,3.7155,24.4755
12923.6415681839,3.723,3.7275,3.714,24.1943
12947.6635801792,3.723,3.726,3.714,24.0545
12971.685582161,3.723,3.726,3.711,24.1943
12995.7075970173,3.7215,3.7245,3.711,23.7765
13019.7265870571,3.7215,3.7245,3.711,23.7765
13043.7526011467,3.7215,3.7245,3.711,23.7765
13067.7736041546,3.72,3.723,3.711,23.5005
13091.7966032028,3.72,3.7245,3.711,23.2265
13115.8186061382,3.72,3.723,3.7095,23.0903
13139.8396131992,3.7185,3.723,3.7095,23.0903
13163.8626041412,3.7185,3.723,3.7095,23.0903
13187.8846051693,3.7185,3.723,3.708,22.8192
13211.906607151,3.7185,3.7215,3.708,22.8192
13235.927601099,3.7185,3.72,3.708,22.6843
13259.9506001472,3.717,3.72,3.7065,22.55
13283.9684560299,3.717,3.7215,3.7065,22.416
13307.9927151203,3.717,3.72,3.7065,22.1493
13332.0147340298,3.717,3.72,3.7065,22.1493
13356.0367121696,3.7155,3.7185,3.7065,22.1493
13380.0587220192,3.7155,3.7185,3.7035,21.8841
13404.0807340145,3.7155,3.7185,3.705,21.8841
13428.1021170616,3.714,3.717,3.7035,21.6203
13452.1238770485,3.714,3.717,3.7035,21.3579
13476.1427500248,3.714,3.7155,3.7035,21.489
13500.1679091454,3.714,3.7155,3.702,21.2272
13524.1907441616,3.714,3.7155,3.702,21.2272
13548.2136621475,3.7125,3.7155,3.702,20.9665
13572.2359061241,3.711,3.7155,3.702,21.0967
13596.2559239864,3.711,3.714,3.7005,20.8364
13620.2806801796,3.711,3.714,3.699,20.8364
13644.3013181686,3.7095,3.714,3.7005,20.7067
13668.3219501972,3.7095,3.714,3.699,20.4478
13692.3414471149,3.7095,3.7125,3.7005,20.4478
13716.3677361012,3.7095,3.711,3.699,20.1895
13740.3897430897,3.708,3.711,3.699,20.0605
13764.4127440453,3.708,3.711,3.699,20.1895
13788.4302270412,3.7095,3.711,3.6975,19.9316
13812.4557740688,3.708,3.711,3.6975,19.9316
13836.4787700176,3.7065,3.711,3.696,19.5454
13860.4998500347,3.7065,3.7095,3.696,19.5454
13884.5218331814,3.7065,3.7095,3.696,19.6742
13908.5438241959,3.7065,3.708,3.6945,19.4167
13932.565860033,3.7065,3.708,3.6945,19.2879
13956.5878510475,3.705,3.7095,3.6945,19.1591
13980.6098401546,3.705,3.708,3.693,19.0302
14004.6318449974,3.7035,3.7065,3.6915,18.9012
14028.6489441395,3.7035,3.7065,3.6915,18.7721
14052.675894022,3.7035,3.7065,3.6915,18.7721
14076.6978590488,3.7035,3.7065,3.6915,18.6429
14100.7198750973,3.702,3.7065,3.6885,18.5133
14124.7418570519,3.702,3.7065,3.69,18.2536
14148.7638771534,3.702,3.705,3.687,18.1234
14172.7859201431,3.702,3.705,3.687,17.8619
14196.8087911606,3.702,3.705,3.6855,17.8619
14220.8317601681,3.7005,3.7035,3.6855,17.8619
14244.849230051,3.7005,3.7035,3.684,17.3337
14268.8748321533,3.7005,3.702,3.684,17.3337
14292.8965690136,3.699,3.702,3.684,17.2005
14316.9198679924,3.699,3.7005,3.681,16.9321
14340.9395291805,3.699,3.7005,3.6825,16.7971
14364.9638750553,3.6975,3.7005,3.681,16.797
14388.984085083,3.6975,3.699,3.6795,16.3875
14413.006937027,3.6975,3.6975,3.6795,16.2493
14437.0288991928,3.696,3.6975,3.6795,16.2493
14461.0494110584,3.6945,3.6975,3.678,15.9703
14485.0729520321,3.6945,3.696,3.678,15.6875
14509.0927321911,3.693,3.696,3.678,15.5447
14533.1178510189,3.693,3.6945,3.6765,15.2555
14557.1408550739,3.693,3.6945,3.6765,15.2555
14581.1628711224,3.6915,3.693,3.6765,14.9616
14605.1795780659,3.6915,3.693,3.6765,14.9616
14629.2068960667,3.69,3.6915,3.675,14.6623
14653.2260460854,3.69,3.6915,3.675,14.3575
14677.2499101162,3.69,3.69,3.675,14.2028
14701.2729291916,3.6885,3.69,3.675,14.0466
14725.2920939922,3.687,3.6885,3.675,13.8887
14749.3159101009,3.687,3.687,3.675,13.8887
14773.3379421234,3.6855,3.6885,3.675,13.7292
14797.3609631062,3.6855,3.687,3.6735,13.4047
14821.381966114,3.684,3.687,3.6735,13.4047
14845.4039731026,3.684,3.6855,3.6735,13.4047
14869.4260070324,3.6825,3.6855,3.6735,13.0727
14893.4468641281,3.6825,3.6855,3.6735,13.0727
14917.4700231552,3.681,3.684,3.6735,12.9037
14941.4920341969,3.681,3.6855,3.6735,12.9037
14965.5140450001,3.681,3.684,3.672,12.5595
14989.5360300541,3.6795,3.684,3.672,12.5596
15013.5580661297,3.681,3.684,3.672,12.3841
15037.5800511837,3.6795,3.6825,3.6705,12.2066
15061.602050066,3.6795,3.6825,3.672,12.2066
15085.6240510941,3.6795,3.6825,3.6705,12.2066
15109.6460599899,3.6795,3.684,3.6705,11.8442
15133.669973135,3.678,3.6825,3.6705,11.8442
15157.6873221397,3.678,3.6825,3.6705,11.8442
15181.7130031586,3.678,3.681,3.669,11.4718
15205.7330319881,3.678,3.681,3.669,11.6593
15229.7580211163,3.678,3.6825,3.669,11.2818
15253.7800412178,3.678,3.6825,3.669,11.2818
15277.802036047,3.6765,3.681,3.669,11.2818
15301.8240411282,3.6765,3.681,3.669,11.2818
15325.8460659981,3.6765,3.681,3.6675,11.0889
15349.863929987,3.6765,3.681,3.6675,10.695
15373.8890960217,3.6765,3.6795,3.6675,10.695
15397.9102640152,3.675,3.6795,3.666,10.695
15421.9331231117,3.675,3.6795,3.666,10.2892
15445.9524610043,3.675,3.6795,3.6645,10.2892
15469.9771361351,3.675,3.678,3.6645,9.5377
15493.9990880489,3.675,3.678,3.6645,9.5377
15518.0211319923,3.675,3.678,3.663,9.6571
15542.0440900326,3.675,3.678,3.663,9.4859
15566.0651040077,3.6735,3.6765,3.6615,9.4859
15590.0881071091,3.6735,3.675,3.66,9.3349
15614.1091170311,3.6735,3.675,3.66,9.3349
15638.1320991516,3.672,3.6735,3.6585,9.2378
15662.1541080475,3.672,3.6735,3.657,9.2378
15686.1728770733,3.6705,3.675,3.654,9.097
15710.1937201023,3.6705,3.6735,3.6525,8.9621
15734.2201161385,3.6705,3.6735,3.651,8.8751
15758.2375180721,3.6705,3.672,3.6495,8.7905
15782.2630929947,3.669,3.6705,3.6465,8.7082
15806.282790184,3.6675,3.669,3.645,8.5887
15830.3062121868,3.6675,3.669,3.6405,8.5117
15854.3265621662,3.6675,3.6675,3.639,8.3998
15878.3502221108,3.6675,3.666,3.6375,8.2228
15902.3731679916,3.6645,3.6645,3.6345,8.1217
15926.3951461315,3.6645,3.6615,3.6315,7.9927
15950.4171290398,3.6645,3.6615,3.627,7.8696
15974.4372382164,3.663,3.66,3.624,7.7521
15998.4592480659,3.66,3.6585,3.6225,7.6397
16022.4812040329,3.66,3.6555,3.618,7.5058
16046.5022411346,3.657,3.6525,3.615,7.3786
16070.5242609978,3.657,3.651,3.612,7.2812
16094.5438871384,3.6555,3.6465,3.6075,7.1189
16118.5678780079,3.6525,3.645,3.6045,7.0304
16142.5872881413,3.6495,3.642,3.6015,6.9027
16166.6098752022,3.648,3.6405,3.5985,6.7803
16190.6324911118,3.645,3.6375,3.594,6.6625
16214.6548421383,3.6435,3.6345,3.591,6.53
16238.6771271229,3.6405,3.63,3.5865,6.3841
16262.6990962029,3.6375,3.6285,3.5835,6.313
16286.7201111317,3.6345,3.624,3.579,6.2082
16310.7423160076,3.6315,3.6225,3.576,6.0886
16334.7643210888,3.6285,3.618,3.5715,5.9879
16358.7863001823,3.6255,3.615,3.5685,5.8557
16382.8076450825,3.6225,3.612,3.564,5.7256
16406.8302659988,3.621,3.609,3.5595,5.6291
16430.8502020836,3.6165,3.6045,3.555,5.5334
16454.8735539913,3.6135,3.6015,3.552,5.4069
16478.8948760033,3.6105,3.5985,3.5475,5.3128
16502.9159991741,3.6075,3.5955,3.543,5.2037
16526.9375431538,3.6045,3.5925,3.5385,5.0801
16550.9589161873,3.6015,3.588,3.534,4.9576
16574.9803960323,3.5985,3.5835,3.531,4.8513
16599.0022301674,3.594,3.5805,3.5265,4.746
16623.0229351521,3.591,3.5775,3.5205,4.612
16647.0438950062,3.5865,3.5745,3.516,4.4652
16671.0703561306,3.5835,3.57,3.5115,4.3639
16695.0933170319,3.5805,3.567,3.507,4.2639
16719.1122300625,3.576,3.5625,3.501,4.1513
16743.1336090565,3.573,3.558,3.4965,4.0133
16767.1547122002,3.5685,3.555,3.492,3.9052
16791.1756680012,3.5655,3.5505,3.486,3.7991
16815.1975171566,3.5625,3.546,3.4815,3.6824
16839.2185590267,3.558,3.543,3.4755,3.5561
16863.2416651249,3.555,3.537,3.471,3.4454
16887.2683269978,3.5505,3.534,3.465,3.3494
16911.2838270664,3.546,3.5295,3.459,3.2325
16935.3082480431,3.543,3.525,3.4545,3.119
16959.3298771381,3.5385,3.519,3.4485,3.0197
16983.3505921364,3.534,3.516,3.441,2.9229
17007.3773770332,3.5295,3.5115,3.4365,2.8077
17031.3952250481,3.5265,3.5055,3.4305,2.7159
17055.4165380001,3.522,3.501,3.4245,2.6262
17079.4381821156,3.5175,3.498,3.4185,2.5188
17103.4615831375,3.513,3.4935,3.4125,2.4233
17127.482542038,3.51,3.4875,3.405,2.3016
17151.5036871433,3.504,3.483,3.399,2.2187
17175.5286121368,3.501,3.4785,3.3915,2.1186
17199.5458741188,3.4965,3.474,3.384,2.0197
17223.572478056,3.492,3.4695,3.378,1.9306
17247.5944771767,3.486,3.4635,3.369,1.8245
17271.6159350872,3.4815,3.459,3.363,1.7281
17295.6394271851,3.477,3.453,3.3555,1.6237
17319.6614091396,3.4725,3.447,3.348,1.5203
17343.6824090481,3.468,3.4425,3.3375,1.4097
17367.7034881115,3.4635,3.4365,3.33,1.301
17391.7232990265,3.4575,3.4305,3.321,1.1866
17415.7475011349,3.453,3.426,3.3135,1.0914
17439.7695090771,3.447,3.42,3.3045,0.9919
17463.7915301323,3.4425,3.414,3.2955,0.8897
17487.8144791126,3.4365,3.408,3.285,0.7935
17511.8354730606,3.432,3.402,3.276,0.7036
17535.8584680557,3.426,3.396,3.267,0.6202
17559.8759081364,3.4215,3.39,3.255,0.5428
17583.9014780521,3.4155,3.3825,3.243,0.4549
17607.9206440449,3.411,3.3765,3.2325,0.3796
17631.9464740753,3.405,3.369,3.222,0.3066
17655.9666180611,3.399,3.363,3.21,0.1988
17677.9877181053,3.393,3.357,,
